--------------------------------------------------------
-- Archivo creado  - martes-noviembre-07-2017   
--------------------------------------------------------
--------------------------------------------------------
--  DDL for Table ARTICULO_Y_MEDICA
--------------------------------------------------------

  CREATE TABLE "BDPRUEBA"."ARTICULO_Y_MEDICA" 
   (	"CODIGO_AM" NUMBER, 
	"DESCRIPCION" VARCHAR2(100 BYTE), 
	"FABRICANTE" VARCHAR2(45 BYTE), 
	"TIPO_MEDICAMENTO" VARCHAR2(45 BYTE), 
	"COMPONENTES" VARCHAR2(150 BYTE), 
	"CONTENIDO" VARCHAR2(150 BYTE), 
	"CANTIDAD" NUMBER, 
	"GRAMAJE" VARCHAR2(45 BYTE), 
	"FECHA_VENCIMIENTO" DATE
   ) SEGMENT CREATION IMMEDIATE 
  PCTFREE 10 PCTUSED 40 INITRANS 1 MAXTRANS 255 NOCOMPRESS LOGGING
  STORAGE(INITIAL 65536 NEXT 1048576 MINEXTENTS 1 MAXEXTENTS 2147483645
  PCTINCREASE 0 FREELISTS 1 FREELIST GROUPS 1 BUFFER_POOL DEFAULT FLASH_CACHE DEFAULT CELL_FLASH_CACHE DEFAULT)
  TABLESPACE "SYSTEM" ;
--------------------------------------------------------
--  DDL for Table CIUDAD
--------------------------------------------------------

  CREATE TABLE "BDPRUEBA"."CIUDAD" 
   (	"ID_CIUDAD" NUMBER, 
	"NOMBRE_CIUDAD" VARCHAR2(45 BYTE)
   ) SEGMENT CREATION IMMEDIATE 
  PCTFREE 10 PCTUSED 40 INITRANS 1 MAXTRANS 255 NOCOMPRESS LOGGING
  STORAGE(INITIAL 65536 NEXT 1048576 MINEXTENTS 1 MAXEXTENTS 2147483645
  PCTINCREASE 0 FREELISTS 1 FREELIST GROUPS 1 BUFFER_POOL DEFAULT FLASH_CACHE DEFAULT CELL_FLASH_CACHE DEFAULT)
  TABLESPACE "SYSTEM" ;
--------------------------------------------------------
--  DDL for Table FARMACIA
--------------------------------------------------------

  CREATE TABLE "BDPRUEBA"."FARMACIA" 
   (	"ID_FARMACIA" NUMBER, 
	"TELEFONO" VARCHAR2(45 BYTE), 
	"DIRECCION" VARCHAR2(45 BYTE)
   ) SEGMENT CREATION IMMEDIATE 
  PCTFREE 10 PCTUSED 40 INITRANS 1 MAXTRANS 255 NOCOMPRESS LOGGING
  STORAGE(INITIAL 65536 NEXT 1048576 MINEXTENTS 1 MAXEXTENTS 2147483645
  PCTINCREASE 0 FREELISTS 1 FREELIST GROUPS 1 BUFFER_POOL DEFAULT FLASH_CACHE DEFAULT CELL_FLASH_CACHE DEFAULT)
  TABLESPACE "SYSTEM" ;
--------------------------------------------------------
--  DDL for Table FUNCIONARIO
--------------------------------------------------------

  CREATE TABLE "BDPRUEBA"."FUNCIONARIO" 
   (	"ID_FUNCIONARIO" NUMBER, 
	"NOMBRE" VARCHAR2(45 BYTE), 
	"APELLIDO_PATERNO" VARCHAR2(45 BYTE), 
	"APELLIDO_MATERNO" VARCHAR2(45 BYTE), 
	"SEXO" VARCHAR2(45 BYTE), 
	"EDAD" NUMBER, 
	"TELEFONO" VARCHAR2(45 BYTE), 
	"DIRECCION" VARCHAR2(45 BYTE), 
	"CIUDAD_ID_CIUDAD" NUMBER, 
	"NACIONALIDAD_ID_NACIONALIDAD" NUMBER, 
	"USUARIO_ID_USUARIO" NUMBER, 
	"RUT" VARCHAR2(30 BYTE), 
	"CORREO" VARCHAR2(30 BYTE)
   ) SEGMENT CREATION IMMEDIATE 
  PCTFREE 10 PCTUSED 40 INITRANS 1 MAXTRANS 255 NOCOMPRESS LOGGING
  STORAGE(INITIAL 65536 NEXT 1048576 MINEXTENTS 1 MAXEXTENTS 2147483645
  PCTINCREASE 0 FREELISTS 1 FREELIST GROUPS 1 BUFFER_POOL DEFAULT FLASH_CACHE DEFAULT CELL_FLASH_CACHE DEFAULT)
  TABLESPACE "SYSTEM" ;
--------------------------------------------------------
--  DDL for Table INGRESO_ART_MED
--------------------------------------------------------

  CREATE TABLE "BDPRUEBA"."INGRESO_ART_MED" 
   (	"ID_INGRESO" NUMBER, 
	"FECHA_INGRESO" DATE, 
	"CANTIDAD" NUMBER, 
	"ARTICULO_Y_MEDICA_CODIGO_AM" NUMBER
   ) SEGMENT CREATION IMMEDIATE 
  PCTFREE 10 PCTUSED 40 INITRANS 1 MAXTRANS 255 NOCOMPRESS LOGGING
  STORAGE(INITIAL 65536 NEXT 1048576 MINEXTENTS 1 MAXEXTENTS 2147483645
  PCTINCREASE 0 FREELISTS 1 FREELIST GROUPS 1 BUFFER_POOL DEFAULT FLASH_CACHE DEFAULT CELL_FLASH_CACHE DEFAULT)
  TABLESPACE "SYSTEM" ;
--------------------------------------------------------
--  DDL for Table MEDICO
--------------------------------------------------------

  CREATE TABLE "BDPRUEBA"."MEDICO" 
   (	"ID_MEDICO" NUMBER, 
	"NOMBRE_MED" VARCHAR2(45 BYTE), 
	"APELLIDO_PATERNO" VARCHAR2(45 BYTE), 
	"APELLIDO_MATER" VARCHAR2(45 BYTE), 
	"RUT_MEDI" VARCHAR2(45 BYTE), 
	"TELEFONO_MEDICO" VARCHAR2(45 BYTE), 
	"CIUDAD_ID_CIUDAD" NUMBER, 
	"NACIONALIDAD_ID_NACIONALIDAD" NUMBER, 
	"USUARIO_ID_USUARIO" NUMBER, 
	"CORREO" VARCHAR2(30 BYTE), 
	"FECHA_NACIMINETO" DATE, 
	"SEXO" VARCHAR2(20 BYTE), 
	"EDAD" NUMBER
   ) SEGMENT CREATION IMMEDIATE 
  PCTFREE 10 PCTUSED 40 INITRANS 1 MAXTRANS 255 NOCOMPRESS LOGGING
  STORAGE(INITIAL 65536 NEXT 1048576 MINEXTENTS 1 MAXEXTENTS 2147483645
  PCTINCREASE 0 FREELISTS 1 FREELIST GROUPS 1 BUFFER_POOL DEFAULT FLASH_CACHE DEFAULT CELL_FLASH_CACHE DEFAULT)
  TABLESPACE "SYSTEM" ;
--------------------------------------------------------
--  DDL for Table MERMA
--------------------------------------------------------

  CREATE TABLE "BDPRUEBA"."MERMA" 
   (	"ID_MERMA" NUMBER, 
	"CANTIDAD" NUMBER, 
	"DETALLE" VARCHAR2(150 BYTE), 
	"FARMACIA_ID_FARMACIA" NUMBER, 
	"ARTICULO_Y_MEDICA_CODIGO_AM" NUMBER
   ) SEGMENT CREATION IMMEDIATE 
  PCTFREE 10 PCTUSED 40 INITRANS 1 MAXTRANS 255 NOCOMPRESS LOGGING
  STORAGE(INITIAL 65536 NEXT 1048576 MINEXTENTS 1 MAXEXTENTS 2147483645
  PCTINCREASE 0 FREELISTS 1 FREELIST GROUPS 1 BUFFER_POOL DEFAULT FLASH_CACHE DEFAULT CELL_FLASH_CACHE DEFAULT)
  TABLESPACE "SYSTEM" ;
--------------------------------------------------------
--  DDL for Table NACIONALIDAD
--------------------------------------------------------

  CREATE TABLE "BDPRUEBA"."NACIONALIDAD" 
   (	"ID_NACIONALIDAD" NUMBER, 
	"NACIONALIDAD" VARCHAR2(45 BYTE)
   ) SEGMENT CREATION IMMEDIATE 
  PCTFREE 10 PCTUSED 40 INITRANS 1 MAXTRANS 255 NOCOMPRESS LOGGING
  STORAGE(INITIAL 65536 NEXT 1048576 MINEXTENTS 1 MAXEXTENTS 2147483645
  PCTINCREASE 0 FREELISTS 1 FREELIST GROUPS 1 BUFFER_POOL DEFAULT FLASH_CACHE DEFAULT CELL_FLASH_CACHE DEFAULT)
  TABLESPACE "SYSTEM" ;
--------------------------------------------------------
--  DDL for Table PACIENTE
--------------------------------------------------------

  CREATE TABLE "BDPRUEBA"."PACIENTE" 
   (	"ID_PACIENTE" NUMBER, 
	"NOMBRE" VARCHAR2(45 BYTE), 
	"APELLIDO_PATERNO" VARCHAR2(45 BYTE), 
	"APELLIDO_MATERNO" VARCHAR2(45 BYTE), 
	"RUT_PACIENTE" VARCHAR2(45 BYTE), 
	"DIRECCION" VARCHAR2(45 BYTE), 
	"TELEFONO" NUMBER, 
	"SEXO" VARCHAR2(45 BYTE), 
	"FECHA_NACIMIENTP" DATE, 
	"CORREO" VARCHAR2(45 BYTE), 
	"SECTOR_IDSECTOR" NUMBER, 
	"CIUDAD_ID_CIUDAD" NUMBER, 
	"USUARIO_ID_USUARIO" NUMBER, 
	"EDAD" NUMBER, 
	"DV" VARCHAR2(1 BYTE)
   ) SEGMENT CREATION IMMEDIATE 
  PCTFREE 10 PCTUSED 40 INITRANS 1 MAXTRANS 255 NOCOMPRESS LOGGING
  STORAGE(INITIAL 65536 NEXT 1048576 MINEXTENTS 1 MAXEXTENTS 2147483645
  PCTINCREASE 0 FREELISTS 1 FREELIST GROUPS 1 BUFFER_POOL DEFAULT FLASH_CACHE DEFAULT CELL_FLASH_CACHE DEFAULT)
  TABLESPACE "SYSTEM" ;
--------------------------------------------------------
--  DDL for Table PRESCRIPCION
--------------------------------------------------------

  CREATE TABLE "BDPRUEBA"."PRESCRIPCION" 
   (	"ID_PRESCRIPCION" NUMBER, 
	"DETALLE" VARCHAR2(45 BYTE), 
	"RECETA_ID_RECETA" NUMBER, 
	"TRATAMINENTO_ID_TRATAMIENTO" NUMBER, 
	"ARTICULO_Y_MEDICA_CODIGO_AM" NUMBER, 
	"ID_MEDICO" NUMBER, 
	"CANTIDAD_MEDICAMENTO" NUMBER, 
	"ESTADO" VARCHAR2(20 BYTE)
   ) SEGMENT CREATION IMMEDIATE 
  PCTFREE 10 PCTUSED 40 INITRANS 1 MAXTRANS 255 NOCOMPRESS LOGGING
  STORAGE(INITIAL 65536 NEXT 1048576 MINEXTENTS 1 MAXEXTENTS 2147483645
  PCTINCREASE 0 FREELISTS 1 FREELIST GROUPS 1 BUFFER_POOL DEFAULT FLASH_CACHE DEFAULT CELL_FLASH_CACHE DEFAULT)
  TABLESPACE "SYSTEM" ;
--------------------------------------------------------
--  DDL for Table RECETA
--------------------------------------------------------

  CREATE TABLE "BDPRUEBA"."RECETA" 
   (	"ID_RECETA" NUMBER, 
	"PACIENTE_ID_PACIENTE" NUMBER, 
	"FECHA" DATE, 
	"ID_MEDICO" NUMBER, 
	"ESTADO" VARCHAR2(20 BYTE)
   ) SEGMENT CREATION IMMEDIATE 
  PCTFREE 10 PCTUSED 40 INITRANS 1 MAXTRANS 255 NOCOMPRESS LOGGING
  STORAGE(INITIAL 65536 NEXT 1048576 MINEXTENTS 1 MAXEXTENTS 2147483645
  PCTINCREASE 0 FREELISTS 1 FREELIST GROUPS 1 BUFFER_POOL DEFAULT FLASH_CACHE DEFAULT CELL_FLASH_CACHE DEFAULT)
  TABLESPACE "SYSTEM" ;
--------------------------------------------------------
--  DDL for Table RESERVA
--------------------------------------------------------

  CREATE TABLE "BDPRUEBA"."RESERVA" 
   (	"ID_RESERVA" NUMBER, 
	"RECETA_ID_RECETA" NUMBER, 
	"ARTICULO_Y_MEDICA_CODIGO_AM" NUMBER
   ) SEGMENT CREATION IMMEDIATE 
  PCTFREE 10 PCTUSED 40 INITRANS 1 MAXTRANS 255 NOCOMPRESS LOGGING
  STORAGE(INITIAL 65536 NEXT 1048576 MINEXTENTS 1 MAXEXTENTS 2147483645
  PCTINCREASE 0 FREELISTS 1 FREELIST GROUPS 1 BUFFER_POOL DEFAULT FLASH_CACHE DEFAULT CELL_FLASH_CACHE DEFAULT)
  TABLESPACE "SYSTEM" ;
--------------------------------------------------------
--  DDL for Table RETIRO_MEDICAMEN_RESER
--------------------------------------------------------

  CREATE TABLE "BDPRUEBA"."RETIRO_MEDICAMEN_RESER" 
   (	"ID_RETIRO_RE" NUMBER, 
	"CANTIDAD" NUMBER, 
	"NOMBRE_RECEPTOR" VARCHAR2(45 BYTE), 
	"FECHA_RETIRO" DATE, 
	"RETIRO_MEDICAMENTO_ID_RETIRO" NUMBER, 
	"RESERVA_ID_RESERVA" NUMBER
   ) SEGMENT CREATION IMMEDIATE 
  PCTFREE 10 PCTUSED 40 INITRANS 1 MAXTRANS 255 NOCOMPRESS LOGGING
  STORAGE(INITIAL 65536 NEXT 1048576 MINEXTENTS 1 MAXEXTENTS 2147483645
  PCTINCREASE 0 FREELISTS 1 FREELIST GROUPS 1 BUFFER_POOL DEFAULT FLASH_CACHE DEFAULT CELL_FLASH_CACHE DEFAULT)
  TABLESPACE "SYSTEM" ;
--------------------------------------------------------
--  DDL for Table RETIRO_MEDICAMENTO
--------------------------------------------------------

  CREATE TABLE "BDPRUEBA"."RETIRO_MEDICAMENTO" 
   (	"ID_RETIRO" NUMBER, 
	"CANTIDAD_MEDICAMENTO" NUMBER, 
	"NOMBRE_RECEPTOR" VARCHAR2(45 BYTE), 
	"FECHA_RETIRO" DATE, 
	"RECETA_ID_RECETA" NUMBER, 
	"ARTICULO_Y_MEDICA_CODIGO_AM" NUMBER, 
	"FARMACIA_ID_FARMACIA" NUMBER
   ) SEGMENT CREATION IMMEDIATE 
  PCTFREE 10 PCTUSED 40 INITRANS 1 MAXTRANS 255 NOCOMPRESS LOGGING
  STORAGE(INITIAL 65536 NEXT 1048576 MINEXTENTS 1 MAXEXTENTS 2147483645
  PCTINCREASE 0 FREELISTS 1 FREELIST GROUPS 1 BUFFER_POOL DEFAULT FLASH_CACHE DEFAULT CELL_FLASH_CACHE DEFAULT)
  TABLESPACE "SYSTEM" ;
--------------------------------------------------------
--  DDL for Table SECTOR
--------------------------------------------------------

  CREATE TABLE "BDPRUEBA"."SECTOR" 
   (	"IDSECTOR" NUMBER, 
	"NOMBRESECTOR" VARCHAR2(45 BYTE)
   ) SEGMENT CREATION IMMEDIATE 
  PCTFREE 10 PCTUSED 40 INITRANS 1 MAXTRANS 255 NOCOMPRESS LOGGING
  STORAGE(INITIAL 65536 NEXT 1048576 MINEXTENTS 1 MAXEXTENTS 2147483645
  PCTINCREASE 0 FREELISTS 1 FREELIST GROUPS 1 BUFFER_POOL DEFAULT FLASH_CACHE DEFAULT CELL_FLASH_CACHE DEFAULT)
  TABLESPACE "SYSTEM" ;
--------------------------------------------------------
--  DDL for Table STOCK_MEDICAMENTO
--------------------------------------------------------

  CREATE TABLE "BDPRUEBA"."STOCK_MEDICAMENTO" 
   (	"ID_STOCK_MEDICAMENTO" NUMBER, 
	"STOCK_MEDI" NUMBER, 
	"STOCK_CRITICO" NUMBER, 
	"FARMACIA_ID_FARMACIA" NUMBER, 
	"ARTICULO_Y_MEDICA_CODIGO_AM" NUMBER, 
	"INGRESO_ART_MED_ID_INGRESO" NUMBER
   ) SEGMENT CREATION IMMEDIATE 
  PCTFREE 10 PCTUSED 40 INITRANS 1 MAXTRANS 255 NOCOMPRESS LOGGING
  STORAGE(INITIAL 65536 NEXT 1048576 MINEXTENTS 1 MAXEXTENTS 2147483645
  PCTINCREASE 0 FREELISTS 1 FREELIST GROUPS 1 BUFFER_POOL DEFAULT FLASH_CACHE DEFAULT CELL_FLASH_CACHE DEFAULT)
  TABLESPACE "SYSTEM" ;
--------------------------------------------------------
--  DDL for Table TIPO_USUARIO
--------------------------------------------------------

  CREATE TABLE "BDPRUEBA"."TIPO_USUARIO" 
   (	"ID_TIPO_U" NUMBER, 
	"TIPO" VARCHAR2(45 BYTE)
   ) SEGMENT CREATION IMMEDIATE 
  PCTFREE 10 PCTUSED 40 INITRANS 1 MAXTRANS 255 NOCOMPRESS LOGGING
  STORAGE(INITIAL 65536 NEXT 1048576 MINEXTENTS 1 MAXEXTENTS 2147483645
  PCTINCREASE 0 FREELISTS 1 FREELIST GROUPS 1 BUFFER_POOL DEFAULT FLASH_CACHE DEFAULT CELL_FLASH_CACHE DEFAULT)
  TABLESPACE "SYSTEM" ;
--------------------------------------------------------
--  DDL for Table TRATAMINENTO
--------------------------------------------------------

  CREATE TABLE "BDPRUEBA"."TRATAMINENTO" 
   (	"ID_TRATAMIENTO" NUMBER, 
	"PERIODOO" VARCHAR2(45 BYTE), 
	"TIPO_TRATAMIENTO" VARCHAR2(45 BYTE), 
	"PACIENTE_ID_PACIENTE" NUMBER, 
	"MEDICO_ID_MEDICO" NUMBER, 
	"FECHA_INICIO" NVARCHAR2(30), 
	"FECHA_TERMINO" NVARCHAR2(30), 
	"DIAGNOSTICO" VARCHAR2(50 BYTE)
   ) SEGMENT CREATION IMMEDIATE 
  PCTFREE 10 PCTUSED 40 INITRANS 1 MAXTRANS 255 NOCOMPRESS LOGGING
  STORAGE(INITIAL 65536 NEXT 1048576 MINEXTENTS 1 MAXEXTENTS 2147483645
  PCTINCREASE 0 FREELISTS 1 FREELIST GROUPS 1 BUFFER_POOL DEFAULT FLASH_CACHE DEFAULT CELL_FLASH_CACHE DEFAULT)
  TABLESPACE "SYSTEM" ;
--------------------------------------------------------
--  DDL for Table TUTOR
--------------------------------------------------------

  CREATE TABLE "BDPRUEBA"."TUTOR" 
   (	"ID_TUTOR" NUMBER, 
	"NOMBRE_TUTOR" VARCHAR2(45 BYTE), 
	"RUT_TUTOR" VARCHAR2(45 BYTE), 
	"CORREO_TUTOR" VARCHAR2(45 BYTE), 
	"TELEFONO_TUTOR" VARCHAR2(45 BYTE), 
	"PACIENTE_ID_PACIENTE" NUMBER
   ) SEGMENT CREATION IMMEDIATE 
  PCTFREE 10 PCTUSED 40 INITRANS 1 MAXTRANS 255 NOCOMPRESS LOGGING
  STORAGE(INITIAL 65536 NEXT 1048576 MINEXTENTS 1 MAXEXTENTS 2147483645
  PCTINCREASE 0 FREELISTS 1 FREELIST GROUPS 1 BUFFER_POOL DEFAULT FLASH_CACHE DEFAULT CELL_FLASH_CACHE DEFAULT)
  TABLESPACE "SYSTEM" ;
--------------------------------------------------------
--  DDL for Table USUARIO
--------------------------------------------------------

  CREATE TABLE "BDPRUEBA"."USUARIO" 
   (	"ID_USUARIO" NUMBER, 
	"NOMBRE_USUARIO" VARCHAR2(45 BYTE), 
	"PASSWORD" VARCHAR2(45 BYTE), 
	"TIPO_USUARIO_ID_TIPO_U" NUMBER
   ) SEGMENT CREATION IMMEDIATE 
  PCTFREE 10 PCTUSED 40 INITRANS 1 MAXTRANS 255 NOCOMPRESS LOGGING
  STORAGE(INITIAL 65536 NEXT 1048576 MINEXTENTS 1 MAXEXTENTS 2147483645
  PCTINCREASE 0 FREELISTS 1 FREELIST GROUPS 1 BUFFER_POOL DEFAULT FLASH_CACHE DEFAULT CELL_FLASH_CACHE DEFAULT)
  TABLESPACE "SYSTEM" ;
--------------------------------------------------------
--  DDL for Sequence SEC_ARTYMED
--------------------------------------------------------

   CREATE SEQUENCE  "BDPRUEBA"."SEC_ARTYMED"  MINVALUE 2000 MAXVALUE 99999999999999999 INCREMENT BY 5 START WITH 2100 CACHE 20 NOORDER  NOCYCLE ;
--------------------------------------------------------
--  DDL for Sequence SEC_ID_FUN
--------------------------------------------------------

   CREATE SEQUENCE  "BDPRUEBA"."SEC_ID_FUN"  MINVALUE 1 MAXVALUE 9999999 INCREMENT BY 1 START WITH 43 CACHE 20 NOORDER  NOCYCLE ;
--------------------------------------------------------
--  DDL for Sequence SEC_ID_MED
--------------------------------------------------------

   CREATE SEQUENCE  "BDPRUEBA"."SEC_ID_MED"  MINVALUE 1 MAXVALUE 9999999 INCREMENT BY 1 START WITH 126 CACHE 20 NOORDER  NOCYCLE ;
--------------------------------------------------------
--  DDL for Sequence SEC_ID_PAC
--------------------------------------------------------

   CREATE SEQUENCE  "BDPRUEBA"."SEC_ID_PAC"  MINVALUE 1 MAXVALUE 99999999 INCREMENT BY 1 START WITH 24 CACHE 20 NOORDER  NOCYCLE ;
--------------------------------------------------------
--  DDL for Sequence SEC_ID_TRA
--------------------------------------------------------

   CREATE SEQUENCE  "BDPRUEBA"."SEC_ID_TRA"  MINVALUE 1 MAXVALUE 999999 INCREMENT BY 1 START WITH 27 CACHE 20 NOORDER  NOCYCLE ;
--------------------------------------------------------
--  DDL for Sequence SEC_ID_USU
--------------------------------------------------------

   CREATE SEQUENCE  "BDPRUEBA"."SEC_ID_USU"  MINVALUE 4 MAXVALUE 9999999999 INCREMENT BY 1 START WITH 124 CACHE 20 NOORDER  NOCYCLE ;
--------------------------------------------------------
--  DDL for Sequence SEC_INGARTMED
--------------------------------------------------------

   CREATE SEQUENCE  "BDPRUEBA"."SEC_INGARTMED"  MINVALUE 5 MAXVALUE 9999999999 INCREMENT BY 1 START WITH 25 CACHE 20 NOORDER  NOCYCLE ;
--------------------------------------------------------
--  DDL for Sequence SEC_INS_PRE
--------------------------------------------------------

   CREATE SEQUENCE  "BDPRUEBA"."SEC_INS_PRE"  MINVALUE 7 MAXVALUE 9999999999999999999999 INCREMENT BY 1 START WITH 28 CACHE 20 NOORDER  NOCYCLE ;
--------------------------------------------------------
--  DDL for Sequence SEC_INS_REC
--------------------------------------------------------

   CREATE SEQUENCE  "BDPRUEBA"."SEC_INS_REC"  MINVALUE 1 MAXVALUE 9999999 INCREMENT BY 1 START WITH 21 CACHE 20 NOORDER  NOCYCLE ;
--------------------------------------------------------
--  DDL for Sequence SEC_STCK_MED
--------------------------------------------------------

   CREATE SEQUENCE  "BDPRUEBA"."SEC_STCK_MED"  MINVALUE 5 MAXVALUE 9999999 INCREMENT BY 1 START WITH 5 CACHE 20 NOORDER  NOCYCLE ;
REM INSERTING into BDPRUEBA.ARTICULO_Y_MEDICA
SET DEFINE OFF;
Insert into BDPRUEBA.ARTICULO_Y_MEDICA (CODIGO_AM,DESCRIPCION,FABRICANTE,TIPO_MEDICAMENTO,COMPONENTES,CONTENIDO,CANTIDAD,GRAMAJE,FECHA_VENCIMIENTO) values ('1','Nastisol','Bayern','Comprimidos','Nastisol','Capsulas','20','10 Gr',to_date('22/10/17','DD/MM/RR'));
Insert into BDPRUEBA.ARTICULO_Y_MEDICA (CODIGO_AM,DESCRIPCION,FABRICANTE,TIPO_MEDICAMENTO,COMPONENTES,CONTENIDO,CANTIDAD,GRAMAJE,FECHA_VENCIMIENTO) values ('123456','ORALNE','DEUTSCHE PHARMA S.A.','CÁPSULAS BLANDAS','ISOTRETINOÍNA','CÁPSULAS','30','20mg',to_date('22/10/17','DD/MM/RR'));
Insert into BDPRUEBA.ARTICULO_Y_MEDICA (CODIGO_AM,DESCRIPCION,FABRICANTE,TIPO_MEDICAMENTO,COMPONENTES,CONTENIDO,CANTIDAD,GRAMAJE,FECHA_VENCIMIENTO) values ('2000','ISDIBEN','ISDIN CHILE LTDA.','CÁPSULAS BLANDAS','ISOTRETINOÍNA','CÁPSULAS','20','20mg',to_date('22/10/17','DD/MM/RR'));
Insert into BDPRUEBA.ARTICULO_Y_MEDICA (CODIGO_AM,DESCRIPCION,FABRICANTE,TIPO_MEDICAMENTO,COMPONENTES,CONTENIDO,CANTIDAD,GRAMAJE,FECHA_VENCIMIENTO) values ('2005','MEMIKARE ','ETEX FARMACÉUTICA LTDA.','COMPRIMIDOS RECUBIERTOS','MEMANTINA','COMPRIMIDOS','40',' 10mg',to_date('22/10/17','DD/MM/RR'));
Insert into BDPRUEBA.ARTICULO_Y_MEDICA (CODIGO_AM,DESCRIPCION,FABRICANTE,TIPO_MEDICAMENTO,COMPONENTES,CONTENIDO,CANTIDAD,GRAMAJE,FECHA_VENCIMIENTO) values ('2010','CLONAZEPAM','LABORATORIO CHILE S.A.','COMPRIMIDOS','CLONAZEPAM','COMPRIMIDOS','40',' 2mg',to_date('22/10/17','DD/MM/RR'));
Insert into BDPRUEBA.ARTICULO_Y_MEDICA (CODIGO_AM,DESCRIPCION,FABRICANTE,TIPO_MEDICAMENTO,COMPONENTES,CONTENIDO,CANTIDAD,GRAMAJE,FECHA_VENCIMIENTO) values ('2015','CELECOXIB','LABORATORIO CHILE S.A.','CAPSULAS','CELECOXIB','CÁPSULAS','20',' 200mg',to_date('22/10/17','DD/MM/RR'));
Insert into BDPRUEBA.ARTICULO_Y_MEDICA (CODIGO_AM,DESCRIPCION,FABRICANTE,TIPO_MEDICAMENTO,COMPONENTES,CONTENIDO,CANTIDAD,GRAMAJE,FECHA_VENCIMIENTO) values ('2020','MELODOL','LABORATORIOS RAFFO S.A.','COMPRIMIDOS','MELOXICAM','COMPRIMIDOS','10',' 7,50mg',to_date('22/10/17','DD/MM/RR'));
REM INSERTING into BDPRUEBA.CIUDAD
SET DEFINE OFF;
Insert into BDPRUEBA.CIUDAD (ID_CIUDAD,NOMBRE_CIUDAD) values ('15101','Arica');
Insert into BDPRUEBA.CIUDAD (ID_CIUDAD,NOMBRE_CIUDAD) values ('15102','Camarones');
Insert into BDPRUEBA.CIUDAD (ID_CIUDAD,NOMBRE_CIUDAD) values ('15201','Putre');
Insert into BDPRUEBA.CIUDAD (ID_CIUDAD,NOMBRE_CIUDAD) values ('15202','General Lagos');
Insert into BDPRUEBA.CIUDAD (ID_CIUDAD,NOMBRE_CIUDAD) values ('13101','Santiago');
Insert into BDPRUEBA.CIUDAD (ID_CIUDAD,NOMBRE_CIUDAD) values ('13102','Cerrillos');
Insert into BDPRUEBA.CIUDAD (ID_CIUDAD,NOMBRE_CIUDAD) values ('13103','Cerro Navia');
Insert into BDPRUEBA.CIUDAD (ID_CIUDAD,NOMBRE_CIUDAD) values ('13104','Conchalí');
Insert into BDPRUEBA.CIUDAD (ID_CIUDAD,NOMBRE_CIUDAD) values ('13105','El Bosque');
Insert into BDPRUEBA.CIUDAD (ID_CIUDAD,NOMBRE_CIUDAD) values ('13106','Estación Central');
Insert into BDPRUEBA.CIUDAD (ID_CIUDAD,NOMBRE_CIUDAD) values ('13107','Huechuraba');
Insert into BDPRUEBA.CIUDAD (ID_CIUDAD,NOMBRE_CIUDAD) values ('13108','Independencia');
Insert into BDPRUEBA.CIUDAD (ID_CIUDAD,NOMBRE_CIUDAD) values ('13109','La Cisterna');
Insert into BDPRUEBA.CIUDAD (ID_CIUDAD,NOMBRE_CIUDAD) values ('13110','La Florida');
Insert into BDPRUEBA.CIUDAD (ID_CIUDAD,NOMBRE_CIUDAD) values ('13111','La Granja');
Insert into BDPRUEBA.CIUDAD (ID_CIUDAD,NOMBRE_CIUDAD) values ('13112','La Pintana');
Insert into BDPRUEBA.CIUDAD (ID_CIUDAD,NOMBRE_CIUDAD) values ('13113','La Reina');
Insert into BDPRUEBA.CIUDAD (ID_CIUDAD,NOMBRE_CIUDAD) values ('13114','Las Condes');
Insert into BDPRUEBA.CIUDAD (ID_CIUDAD,NOMBRE_CIUDAD) values ('13115','Lo Barnechea');
Insert into BDPRUEBA.CIUDAD (ID_CIUDAD,NOMBRE_CIUDAD) values ('13116','Lo Espejo');
Insert into BDPRUEBA.CIUDAD (ID_CIUDAD,NOMBRE_CIUDAD) values ('13117','Lo Prado');
Insert into BDPRUEBA.CIUDAD (ID_CIUDAD,NOMBRE_CIUDAD) values ('13118','Macul');
Insert into BDPRUEBA.CIUDAD (ID_CIUDAD,NOMBRE_CIUDAD) values ('13119','Maipú');
Insert into BDPRUEBA.CIUDAD (ID_CIUDAD,NOMBRE_CIUDAD) values ('13120','Ñuñoa');
Insert into BDPRUEBA.CIUDAD (ID_CIUDAD,NOMBRE_CIUDAD) values ('13121','Pedro Aguirre Cerda');
Insert into BDPRUEBA.CIUDAD (ID_CIUDAD,NOMBRE_CIUDAD) values ('13122','Peñalolén');
Insert into BDPRUEBA.CIUDAD (ID_CIUDAD,NOMBRE_CIUDAD) values ('13123','Providencia');
Insert into BDPRUEBA.CIUDAD (ID_CIUDAD,NOMBRE_CIUDAD) values ('13124','Pudahuel');
Insert into BDPRUEBA.CIUDAD (ID_CIUDAD,NOMBRE_CIUDAD) values ('13125','Quilicura');
Insert into BDPRUEBA.CIUDAD (ID_CIUDAD,NOMBRE_CIUDAD) values ('13126','Quinta Normal');
Insert into BDPRUEBA.CIUDAD (ID_CIUDAD,NOMBRE_CIUDAD) values ('13127','Recoleta');
Insert into BDPRUEBA.CIUDAD (ID_CIUDAD,NOMBRE_CIUDAD) values ('13128','Renca');
Insert into BDPRUEBA.CIUDAD (ID_CIUDAD,NOMBRE_CIUDAD) values ('13129','San Joaquín');
Insert into BDPRUEBA.CIUDAD (ID_CIUDAD,NOMBRE_CIUDAD) values ('13130','San Miguel');
Insert into BDPRUEBA.CIUDAD (ID_CIUDAD,NOMBRE_CIUDAD) values ('13131','San Ramón');
Insert into BDPRUEBA.CIUDAD (ID_CIUDAD,NOMBRE_CIUDAD) values ('13132','Vitacura');
Insert into BDPRUEBA.CIUDAD (ID_CIUDAD,NOMBRE_CIUDAD) values ('13201','Puente Alto');
Insert into BDPRUEBA.CIUDAD (ID_CIUDAD,NOMBRE_CIUDAD) values ('13202','Pirque');
Insert into BDPRUEBA.CIUDAD (ID_CIUDAD,NOMBRE_CIUDAD) values ('13203','San José de Maipo');
Insert into BDPRUEBA.CIUDAD (ID_CIUDAD,NOMBRE_CIUDAD) values ('13301','Colina');
Insert into BDPRUEBA.CIUDAD (ID_CIUDAD,NOMBRE_CIUDAD) values ('13302','Lampa');
Insert into BDPRUEBA.CIUDAD (ID_CIUDAD,NOMBRE_CIUDAD) values ('13303','Tiltil');
Insert into BDPRUEBA.CIUDAD (ID_CIUDAD,NOMBRE_CIUDAD) values ('13401','San Bernardo');
Insert into BDPRUEBA.CIUDAD (ID_CIUDAD,NOMBRE_CIUDAD) values ('13402','Buin');
Insert into BDPRUEBA.CIUDAD (ID_CIUDAD,NOMBRE_CIUDAD) values ('13403','Calera de Tango');
Insert into BDPRUEBA.CIUDAD (ID_CIUDAD,NOMBRE_CIUDAD) values ('13404','Paine');
Insert into BDPRUEBA.CIUDAD (ID_CIUDAD,NOMBRE_CIUDAD) values ('13501','Melipilla');
Insert into BDPRUEBA.CIUDAD (ID_CIUDAD,NOMBRE_CIUDAD) values ('13502','Alhué');
Insert into BDPRUEBA.CIUDAD (ID_CIUDAD,NOMBRE_CIUDAD) values ('13503','Curacaví');
Insert into BDPRUEBA.CIUDAD (ID_CIUDAD,NOMBRE_CIUDAD) values ('13504','María Pinto');
Insert into BDPRUEBA.CIUDAD (ID_CIUDAD,NOMBRE_CIUDAD) values ('13505','San Pedro');
Insert into BDPRUEBA.CIUDAD (ID_CIUDAD,NOMBRE_CIUDAD) values ('13601','Talagante');
Insert into BDPRUEBA.CIUDAD (ID_CIUDAD,NOMBRE_CIUDAD) values ('13602','El Monte');
Insert into BDPRUEBA.CIUDAD (ID_CIUDAD,NOMBRE_CIUDAD) values ('13603','Isla de Maipo');
Insert into BDPRUEBA.CIUDAD (ID_CIUDAD,NOMBRE_CIUDAD) values ('13604','Padre Hurtado');
Insert into BDPRUEBA.CIUDAD (ID_CIUDAD,NOMBRE_CIUDAD) values ('13605','Peñaflor');
Insert into BDPRUEBA.CIUDAD (ID_CIUDAD,NOMBRE_CIUDAD) values ('14101','Valdivia');
Insert into BDPRUEBA.CIUDAD (ID_CIUDAD,NOMBRE_CIUDAD) values ('14102','Corral');
Insert into BDPRUEBA.CIUDAD (ID_CIUDAD,NOMBRE_CIUDAD) values ('99999','pepepe');
Insert into BDPRUEBA.CIUDAD (ID_CIUDAD,NOMBRE_CIUDAD) values ('8888','wqwqqw');
Insert into BDPRUEBA.CIUDAD (ID_CIUDAD,NOMBRE_CIUDAD) values ('7777','jose');
Insert into BDPRUEBA.CIUDAD (ID_CIUDAD,NOMBRE_CIUDAD) values ('66666','Arica');
Insert into BDPRUEBA.CIUDAD (ID_CIUDAD,NOMBRE_CIUDAD) values ('5555','vero');
Insert into BDPRUEBA.CIUDAD (ID_CIUDAD,NOMBRE_CIUDAD) values ('12345','popopo');
REM INSERTING into BDPRUEBA.FARMACIA
SET DEFINE OFF;
Insert into BDPRUEBA.FARMACIA (ID_FARMACIA,TELEFONO,DIRECCION) values ('1','77896524','Concha Y Toro');
Insert into BDPRUEBA.FARMACIA (ID_FARMACIA,TELEFONO,DIRECCION) values ('2','77895524','San Carlos');
REM INSERTING into BDPRUEBA.FUNCIONARIO
SET DEFINE OFF;
Insert into BDPRUEBA.FUNCIONARIO (ID_FUNCIONARIO,NOMBRE,APELLIDO_PATERNO,APELLIDO_MATERNO,SEXO,EDAD,TELEFONO,DIRECCION,CIUDAD_ID_CIUDAD,NACIONALIDAD_ID_NACIONALIDAD,USUARIO_ID_USUARIO,RUT,CORREO) values ('1','Francisco','Suazo','Gonzales','Masculino','23','7896542','La FLorida','13104','1','1',null,null);
Insert into BDPRUEBA.FUNCIONARIO (ID_FUNCIONARIO,NOMBRE,APELLIDO_PATERNO,APELLIDO_MATERNO,SEXO,EDAD,TELEFONO,DIRECCION,CIUDAD_ID_CIUDAD,NACIONALIDAD_ID_NACIONALIDAD,USUARIO_ID_USUARIO,RUT,CORREO) values ('2','YOyi','Pinilla','Cahvez','Masculno','30','78945621','YOyi','15201','1','71','7895645','YOyi@sasa.com');
Insert into BDPRUEBA.FUNCIONARIO (ID_FUNCIONARIO,NOMBRE,APELLIDO_PATERNO,APELLIDO_MATERNO,SEXO,EDAD,TELEFONO,DIRECCION,CIUDAD_ID_CIUDAD,NACIONALIDAD_ID_NACIONALIDAD,USUARIO_ID_USUARIO,RUT,CORREO) values ('3','QQQQ','QQQQ','QQQQ','QQQQ','65','54545','QQQQ','13105','1','76','QQQQ','QQQQ@awsqwsq');
Insert into BDPRUEBA.FUNCIONARIO (ID_FUNCIONARIO,NOMBRE,APELLIDO_PATERNO,APELLIDO_MATERNO,SEXO,EDAD,TELEFONO,DIRECCION,CIUDAD_ID_CIUDAD,NACIONALIDAD_ID_NACIONALIDAD,USUARIO_ID_USUARIO,RUT,CORREO) values ('4','QQQQ','QQQQ','QQQQ','QQQQ','65','54545','QQQQ','13105','1','77','QQQQ','QQQQ@awsqwsq');
Insert into BDPRUEBA.FUNCIONARIO (ID_FUNCIONARIO,NOMBRE,APELLIDO_PATERNO,APELLIDO_MATERNO,SEXO,EDAD,TELEFONO,DIRECCION,CIUDAD_ID_CIUDAD,NACIONALIDAD_ID_NACIONALIDAD,USUARIO_ID_USUARIO,RUT,CORREO) values ('5','QQQQ','QQQQ','QQQQ','QQQQ','65','54545','QQQQ','13105','1','78','QQQQ','QQQQ@awsqwsq');
Insert into BDPRUEBA.FUNCIONARIO (ID_FUNCIONARIO,NOMBRE,APELLIDO_PATERNO,APELLIDO_MATERNO,SEXO,EDAD,TELEFONO,DIRECCION,CIUDAD_ID_CIUDAD,NACIONALIDAD_ID_NACIONALIDAD,USUARIO_ID_USUARIO,RUT,CORREO) values ('6','brad','pinilla','Chavez','masculino','32','1234567','weeee','13105','1','79','187954','brad@gmail.com');
Insert into BDPRUEBA.FUNCIONARIO (ID_FUNCIONARIO,NOMBRE,APELLIDO_PATERNO,APELLIDO_MATERNO,SEXO,EDAD,TELEFONO,DIRECCION,CIUDAD_ID_CIUDAD,NACIONALIDAD_ID_NACIONALIDAD,USUARIO_ID_USUARIO,RUT,CORREO) values ('23','p','p','p','p','12','72659635','weeee','13105','1','85','18795244','p@gmail.com');
REM INSERTING into BDPRUEBA.INGRESO_ART_MED
SET DEFINE OFF;
Insert into BDPRUEBA.INGRESO_ART_MED (ID_INGRESO,FECHA_INGRESO,CANTIDAD,ARTICULO_Y_MEDICA_CODIGO_AM) values ('1',to_date('12/09/17','DD/MM/RR'),'500','1');
Insert into BDPRUEBA.INGRESO_ART_MED (ID_INGRESO,FECHA_INGRESO,CANTIDAD,ARTICULO_Y_MEDICA_CODIGO_AM) values ('5',to_date('22/10/17','DD/MM/RR'),'20','2000');
Insert into BDPRUEBA.INGRESO_ART_MED (ID_INGRESO,FECHA_INGRESO,CANTIDAD,ARTICULO_Y_MEDICA_CODIGO_AM) values ('6',to_date('22/10/17','DD/MM/RR'),'40','2005');
Insert into BDPRUEBA.INGRESO_ART_MED (ID_INGRESO,FECHA_INGRESO,CANTIDAD,ARTICULO_Y_MEDICA_CODIGO_AM) values ('7',to_date('22/10/17','DD/MM/RR'),'40','2010');
Insert into BDPRUEBA.INGRESO_ART_MED (ID_INGRESO,FECHA_INGRESO,CANTIDAD,ARTICULO_Y_MEDICA_CODIGO_AM) values ('8',to_date('22/10/17','DD/MM/RR'),'20','2015');
Insert into BDPRUEBA.INGRESO_ART_MED (ID_INGRESO,FECHA_INGRESO,CANTIDAD,ARTICULO_Y_MEDICA_CODIGO_AM) values ('9',to_date('22/10/17','DD/MM/RR'),'10','2020');
REM INSERTING into BDPRUEBA.MEDICO
SET DEFINE OFF;
Insert into BDPRUEBA.MEDICO (ID_MEDICO,NOMBRE_MED,APELLIDO_PATERNO,APELLIDO_MATER,RUT_MEDI,TELEFONO_MEDICO,CIUDAD_ID_CIUDAD,NACIONALIDAD_ID_NACIONALIDAD,USUARIO_ID_USUARIO,CORREO,FECHA_NACIMINETO,SEXO,EDAD) values ('1','Jesus','Morales','Sanches','12356984-7','77895641','15101','1','1',null,null,null,null);
Insert into BDPRUEBA.MEDICO (ID_MEDICO,NOMBRE_MED,APELLIDO_PATERNO,APELLIDO_MATER,RUT_MEDI,TELEFONO_MEDICO,CIUDAD_ID_CIUDAD,NACIONALIDAD_ID_NACIONALIDAD,USUARIO_ID_USUARIO,CORREO,FECHA_NACIMINETO,SEXO,EDAD) values ('2','Maria','Vergara','Paredes','78954326-7','774521368','13105','2','2',null,null,null,null);
Insert into BDPRUEBA.MEDICO (ID_MEDICO,NOMBRE_MED,APELLIDO_PATERNO,APELLIDO_MATER,RUT_MEDI,TELEFONO_MEDICO,CIUDAD_ID_CIUDAD,NACIONALIDAD_ID_NACIONALIDAD,USUARIO_ID_USUARIO,CORREO,FECHA_NACIMINETO,SEXO,EDAD) values ('86','Patricia','Morales','morales','187952441','1234567','13105','1','84','paty@gmail.com',null,null,null);
Insert into BDPRUEBA.MEDICO (ID_MEDICO,NOMBRE_MED,APELLIDO_PATERNO,APELLIDO_MATER,RUT_MEDI,TELEFONO_MEDICO,CIUDAD_ID_CIUDAD,NACIONALIDAD_ID_NACIONALIDAD,USUARIO_ID_USUARIO,CORREO,FECHA_NACIMINETO,SEXO,EDAD) values ('47','PEPE','Chavez','Pini','14418394-0','1123445','15102','1','45','Jose@gmail.com',null,null,null);
Insert into BDPRUEBA.MEDICO (ID_MEDICO,NOMBRE_MED,APELLIDO_PATERNO,APELLIDO_MATER,RUT_MEDI,TELEFONO_MEDICO,CIUDAD_ID_CIUDAD,NACIONALIDAD_ID_NACIONALIDAD,USUARIO_ID_USUARIO,CORREO,FECHA_NACIMINETO,SEXO,EDAD) values ('48','PEPE','Chavez','Pini','14418394-0','1123445','15102','1','46','Jose@gmail.com',null,null,null);
Insert into BDPRUEBA.MEDICO (ID_MEDICO,NOMBRE_MED,APELLIDO_PATERNO,APELLIDO_MATER,RUT_MEDI,TELEFONO_MEDICO,CIUDAD_ID_CIUDAD,NACIONALIDAD_ID_NACIONALIDAD,USUARIO_ID_USUARIO,CORREO,FECHA_NACIMINETO,SEXO,EDAD) values ('49','Patricia','Chavez','Ormazabal','17954632-9','1234567','13105','1','47','paty@gmail.com',null,null,null);
Insert into BDPRUEBA.MEDICO (ID_MEDICO,NOMBRE_MED,APELLIDO_PATERNO,APELLIDO_MATER,RUT_MEDI,TELEFONO_MEDICO,CIUDAD_ID_CIUDAD,NACIONALIDAD_ID_NACIONALIDAD,USUARIO_ID_USUARIO,CORREO,FECHA_NACIMINETO,SEXO,EDAD) values ('59','jose','pinilla','Chavez','187952441','1234567','13105','1','57','naxopinilla@gmail.com',null,null,null);
Insert into BDPRUEBA.MEDICO (ID_MEDICO,NOMBRE_MED,APELLIDO_PATERNO,APELLIDO_MATER,RUT_MEDI,TELEFONO_MEDICO,CIUDAD_ID_CIUDAD,NACIONALIDAD_ID_NACIONALIDAD,USUARIO_ID_USUARIO,CORREO,FECHA_NACIMINETO,SEXO,EDAD) values ('106','jose','pinilla','Pino','12365487','72659635','13105','1','104','paty@gmail.com',null,null,null);
REM INSERTING into BDPRUEBA.MERMA
SET DEFINE OFF;
Insert into BDPRUEBA.MERMA (ID_MERMA,CANTIDAD,DETALLE,FARMACIA_ID_FARMACIA,ARTICULO_Y_MEDICA_CODIGO_AM) values ('1','30','Nastisol','1','1');
REM INSERTING into BDPRUEBA.NACIONALIDAD
SET DEFINE OFF;
Insert into BDPRUEBA.NACIONALIDAD (ID_NACIONALIDAD,NACIONALIDAD) values ('1','Chile');
Insert into BDPRUEBA.NACIONALIDAD (ID_NACIONALIDAD,NACIONALIDAD) values ('2','Peru');
Insert into BDPRUEBA.NACIONALIDAD (ID_NACIONALIDAD,NACIONALIDAD) values ('3','Colombia');
REM INSERTING into BDPRUEBA.PACIENTE
SET DEFINE OFF;
Insert into BDPRUEBA.PACIENTE (ID_PACIENTE,NOMBRE,APELLIDO_PATERNO,APELLIDO_MATERNO,RUT_PACIENTE,DIRECCION,TELEFONO,SEXO,FECHA_NACIMIENTP,CORREO,SECTOR_IDSECTOR,CIUDAD_ID_CIUDAD,USUARIO_ID_USUARIO,EDAD,DV) values ('18795244','Jose','Pinilla','Chavez','18795244-1','Vecinal Sur #1953','1234567','Masculino',to_date('12/09/17','DD/MM/RR'),'josepcinf@gmail.com','1','13105','1','45',null);
Insert into BDPRUEBA.PACIENTE (ID_PACIENTE,NOMBRE,APELLIDO_PATERNO,APELLIDO_MATERNO,RUT_PACIENTE,DIRECCION,TELEFONO,SEXO,FECHA_NACIMIENTP,CORREO,SECTOR_IDSECTOR,CIUDAD_ID_CIUDAD,USUARIO_ID_USUARIO,EDAD,DV) values ('18795246','Veronica','Morales','Pino','18795246-2','puente #1953','321654','Femenino',to_date('12/09/17','DD/MM/RR'),'vero@gmail.com','1','13101','1','34',null);
REM INSERTING into BDPRUEBA.PRESCRIPCION
SET DEFINE OFF;
Insert into BDPRUEBA.PRESCRIPCION (ID_PRESCRIPCION,DETALLE,RECETA_ID_RECETA,TRATAMINENTO_ID_TRATAMIENTO,ARTICULO_Y_MEDICA_CODIGO_AM,ID_MEDICO,CANTIDAD_MEDICAMENTO,ESTADO) values ('1','2 Comprimidos cada 3 Hrs','1','1','1',null,'20','PENDIENTE');
Insert into BDPRUEBA.PRESCRIPCION (ID_PRESCRIPCION,DETALLE,RECETA_ID_RECETA,TRATAMINENTO_ID_TRATAMIENTO,ARTICULO_Y_MEDICA_CODIGO_AM,ID_MEDICO,CANTIDAD_MEDICAMENTO,ESTADO) values ('2','prueba','2','1','1','1','15','ENTREGADO');
Insert into BDPRUEBA.PRESCRIPCION (ID_PRESCRIPCION,DETALLE,RECETA_ID_RECETA,TRATAMINENTO_ID_TRATAMIENTO,ARTICULO_Y_MEDICA_CODIGO_AM,ID_MEDICO,CANTIDAD_MEDICAMENTO,ESTADO) values ('8','45yhrtyhgfhfgh','1','1','1','1','30','PENDIENTE');
Insert into BDPRUEBA.PRESCRIPCION (ID_PRESCRIPCION,DETALLE,RECETA_ID_RECETA,TRATAMINENTO_ID_TRATAMIENTO,ARTICULO_Y_MEDICA_CODIGO_AM,ID_MEDICO,CANTIDAD_MEDICAMENTO,ESTADO) values ('28','rtrjhf gjhgfjf gf  gjhgf 
fghcfdcgh fddzf','1','1','1','1','20','PENDIENTE');
Insert into BDPRUEBA.PRESCRIPCION (ID_PRESCRIPCION,DETALLE,RECETA_ID_RECETA,TRATAMINENTO_ID_TRATAMIENTO,ARTICULO_Y_MEDICA_CODIGO_AM,ID_MEDICO,CANTIDAD_MEDICAMENTO,ESTADO) values ('29','TOmar te','1','1','1','1','10','PENDIENTE');
Insert into BDPRUEBA.PRESCRIPCION (ID_PRESCRIPCION,DETALLE,RECETA_ID_RECETA,TRATAMINENTO_ID_TRATAMIENTO,ARTICULO_Y_MEDICA_CODIGO_AM,ID_MEDICO,CANTIDAD_MEDICAMENTO,ESTADO) values ('30','TOmar te2','1','1','2005','106','15','PENDIENTE');
Insert into BDPRUEBA.PRESCRIPCION (ID_PRESCRIPCION,DETALLE,RECETA_ID_RECETA,TRATAMINENTO_ID_TRATAMIENTO,ARTICULO_Y_MEDICA_CODIGO_AM,ID_MEDICO,CANTIDAD_MEDICAMENTO,ESTADO) values ('31','TOmar te2','1','1','2005','106','40','PENDIENTE');
Insert into BDPRUEBA.PRESCRIPCION (ID_PRESCRIPCION,DETALLE,RECETA_ID_RECETA,TRATAMINENTO_ID_TRATAMIENTO,ARTICULO_Y_MEDICA_CODIGO_AM,ID_MEDICO,CANTIDAD_MEDICAMENTO,ESTADO) values ('32','TOmar te 3','1','1','2005','106','30','PENDIENTE');
Insert into BDPRUEBA.PRESCRIPCION (ID_PRESCRIPCION,DETALLE,RECETA_ID_RECETA,TRATAMINENTO_ID_TRATAMIENTO,ARTICULO_Y_MEDICA_CODIGO_AM,ID_MEDICO,CANTIDAD_MEDICAMENTO,ESTADO) values ('33','TOmar te 3','1','1','2005','106','60','PENDIENTE');
Insert into BDPRUEBA.PRESCRIPCION (ID_PRESCRIPCION,DETALLE,RECETA_ID_RECETA,TRATAMINENTO_ID_TRATAMIENTO,ARTICULO_Y_MEDICA_CODIGO_AM,ID_MEDICO,CANTIDAD_MEDICAMENTO,ESTADO) values ('34','zxcfsddx','26','32','1','1','90','PENDIENTE');
Insert into BDPRUEBA.PRESCRIPCION (ID_PRESCRIPCION,DETALLE,RECETA_ID_RECETA,TRATAMINENTO_ID_TRATAMIENTO,ARTICULO_Y_MEDICA_CODIGO_AM,ID_MEDICO,CANTIDAD_MEDICAMENTO,ESTADO) values ('35','ghfghfghfgh','27','33','1','1','15','PENDIENTE');
Insert into BDPRUEBA.PRESCRIPCION (ID_PRESCRIPCION,DETALLE,RECETA_ID_RECETA,TRATAMINENTO_ID_TRATAMIENTO,ARTICULO_Y_MEDICA_CODIGO_AM,ID_MEDICO,CANTIDAD_MEDICAMENTO,ESTADO) values ('36','retretretret','28','34','1','1','5','PENDIENTE');
REM INSERTING into BDPRUEBA.RECETA
SET DEFINE OFF;
Insert into BDPRUEBA.RECETA (ID_RECETA,PACIENTE_ID_PACIENTE,FECHA,ID_MEDICO,ESTADO) values ('1','18795244',null,'1','PENDIENTE');
Insert into BDPRUEBA.RECETA (ID_RECETA,PACIENTE_ID_PACIENTE,FECHA,ID_MEDICO,ESTADO) values ('2','18795244',null,'1','PENDIENTE');
Insert into BDPRUEBA.RECETA (ID_RECETA,PACIENTE_ID_PACIENTE,FECHA,ID_MEDICO,ESTADO) values ('3','18795244',null,'1','PENDIENTE');
Insert into BDPRUEBA.RECETA (ID_RECETA,PACIENTE_ID_PACIENTE,FECHA,ID_MEDICO,ESTADO) values ('4','18795244',to_date('16/10/17','DD/MM/RR'),'49','PENDIENTE');
Insert into BDPRUEBA.RECETA (ID_RECETA,PACIENTE_ID_PACIENTE,FECHA,ID_MEDICO,ESTADO) values ('5','18795244',to_date('16/10/17','DD/MM/RR'),'49','PENDIENTE');
Insert into BDPRUEBA.RECETA (ID_RECETA,PACIENTE_ID_PACIENTE,FECHA,ID_MEDICO,ESTADO) values ('6','18795244',to_date('16/10/17','DD/MM/RR'),'49','PENDIENTE');
Insert into BDPRUEBA.RECETA (ID_RECETA,PACIENTE_ID_PACIENTE,FECHA,ID_MEDICO,ESTADO) values ('7','18795244',to_date('16/10/17','DD/MM/RR'),'49','PENDIENTE');
Insert into BDPRUEBA.RECETA (ID_RECETA,PACIENTE_ID_PACIENTE,FECHA,ID_MEDICO,ESTADO) values ('8','18795244',to_date('16/10/17','DD/MM/RR'),'49','PENDIENTE');
Insert into BDPRUEBA.RECETA (ID_RECETA,PACIENTE_ID_PACIENTE,FECHA,ID_MEDICO,ESTADO) values ('21','18795244',to_date('22/10/17','DD/MM/RR'),'49','PENDIENTE');
Insert into BDPRUEBA.RECETA (ID_RECETA,PACIENTE_ID_PACIENTE,FECHA,ID_MEDICO,ESTADO) values ('22','18795244',to_date('23/10/17','DD/MM/RR'),'1','PENDIENTE');
Insert into BDPRUEBA.RECETA (ID_RECETA,PACIENTE_ID_PACIENTE,FECHA,ID_MEDICO,ESTADO) values ('23','18795246',to_date('23/10/17','DD/MM/RR'),'1','PENDIENTE');
Insert into BDPRUEBA.RECETA (ID_RECETA,PACIENTE_ID_PACIENTE,FECHA,ID_MEDICO,ESTADO) values ('24','18795244',to_date('23/10/17','DD/MM/RR'),'1','PENDIENTE');
Insert into BDPRUEBA.RECETA (ID_RECETA,PACIENTE_ID_PACIENTE,FECHA,ID_MEDICO,ESTADO) values ('25','18795246',to_date('23/10/17','DD/MM/RR'),'1','PENDIENTE');
Insert into BDPRUEBA.RECETA (ID_RECETA,PACIENTE_ID_PACIENTE,FECHA,ID_MEDICO,ESTADO) values ('26','18795246',to_date('23/10/17','DD/MM/RR'),'1','PENDIENTE');
Insert into BDPRUEBA.RECETA (ID_RECETA,PACIENTE_ID_PACIENTE,FECHA,ID_MEDICO,ESTADO) values ('27','18795246',to_date('23/10/17','DD/MM/RR'),'1','PENDIENTE');
Insert into BDPRUEBA.RECETA (ID_RECETA,PACIENTE_ID_PACIENTE,FECHA,ID_MEDICO,ESTADO) values ('28','18795246',to_date('23/10/17','DD/MM/RR'),'1','PENDIENTE');
Insert into BDPRUEBA.RECETA (ID_RECETA,PACIENTE_ID_PACIENTE,FECHA,ID_MEDICO,ESTADO) values ('29','18795246',to_date('23/10/17','DD/MM/RR'),'1','PENDIENTE');
REM INSERTING into BDPRUEBA.RESERVA
SET DEFINE OFF;
Insert into BDPRUEBA.RESERVA (ID_RESERVA,RECETA_ID_RECETA,ARTICULO_Y_MEDICA_CODIGO_AM) values ('1','1','1');
REM INSERTING into BDPRUEBA.RETIRO_MEDICAMEN_RESER
SET DEFINE OFF;
Insert into BDPRUEBA.RETIRO_MEDICAMEN_RESER (ID_RETIRO_RE,CANTIDAD,NOMBRE_RECEPTOR,FECHA_RETIRO,RETIRO_MEDICAMENTO_ID_RETIRO,RESERVA_ID_RESERVA) values ('1','30','POepe',to_date('12/09/17','DD/MM/RR'),'1','1');
REM INSERTING into BDPRUEBA.RETIRO_MEDICAMENTO
SET DEFINE OFF;
Insert into BDPRUEBA.RETIRO_MEDICAMENTO (ID_RETIRO,CANTIDAD_MEDICAMENTO,NOMBRE_RECEPTOR,FECHA_RETIRO,RECETA_ID_RECETA,ARTICULO_Y_MEDICA_CODIGO_AM,FARMACIA_ID_FARMACIA) values ('1','30','Artuto',to_date('12/09/17','DD/MM/RR'),'1','1','1');
REM INSERTING into BDPRUEBA.SECTOR
SET DEFINE OFF;
Insert into BDPRUEBA.SECTOR (IDSECTOR,NOMBRESECTOR) values ('1','Sector 1');
Insert into BDPRUEBA.SECTOR (IDSECTOR,NOMBRESECTOR) values ('2','Sector 1');
Insert into BDPRUEBA.SECTOR (IDSECTOR,NOMBRESECTOR) values ('3','Sector 1');
Insert into BDPRUEBA.SECTOR (IDSECTOR,NOMBRESECTOR) values ('4','Sector 1');
Insert into BDPRUEBA.SECTOR (IDSECTOR,NOMBRESECTOR) values ('5','Sector 1');
REM INSERTING into BDPRUEBA.STOCK_MEDICAMENTO
SET DEFINE OFF;
Insert into BDPRUEBA.STOCK_MEDICAMENTO (ID_STOCK_MEDICAMENTO,STOCK_MEDI,STOCK_CRITICO,FARMACIA_ID_FARMACIA,ARTICULO_Y_MEDICA_CODIGO_AM,INGRESO_ART_MED_ID_INGRESO) values ('1','285','100','1','1','1');
Insert into BDPRUEBA.STOCK_MEDICAMENTO (ID_STOCK_MEDICAMENTO,STOCK_MEDI,STOCK_CRITICO,FARMACIA_ID_FARMACIA,ARTICULO_Y_MEDICA_CODIGO_AM,INGRESO_ART_MED_ID_INGRESO) values ('2','300','100','1','2000','5');
Insert into BDPRUEBA.STOCK_MEDICAMENTO (ID_STOCK_MEDICAMENTO,STOCK_MEDI,STOCK_CRITICO,FARMACIA_ID_FARMACIA,ARTICULO_Y_MEDICA_CODIGO_AM,INGRESO_ART_MED_ID_INGRESO) values ('3','500','100','1','2005','6');
Insert into BDPRUEBA.STOCK_MEDICAMENTO (ID_STOCK_MEDICAMENTO,STOCK_MEDI,STOCK_CRITICO,FARMACIA_ID_FARMACIA,ARTICULO_Y_MEDICA_CODIGO_AM,INGRESO_ART_MED_ID_INGRESO) values ('4','300','100','1','2010','7');
Insert into BDPRUEBA.STOCK_MEDICAMENTO (ID_STOCK_MEDICAMENTO,STOCK_MEDI,STOCK_CRITICO,FARMACIA_ID_FARMACIA,ARTICULO_Y_MEDICA_CODIGO_AM,INGRESO_ART_MED_ID_INGRESO) values ('5','300','100','1','2015','8');
Insert into BDPRUEBA.STOCK_MEDICAMENTO (ID_STOCK_MEDICAMENTO,STOCK_MEDI,STOCK_CRITICO,FARMACIA_ID_FARMACIA,ARTICULO_Y_MEDICA_CODIGO_AM,INGRESO_ART_MED_ID_INGRESO) values ('6','400','100','1','2020','9');
REM INSERTING into BDPRUEBA.TIPO_USUARIO
SET DEFINE OFF;
Insert into BDPRUEBA.TIPO_USUARIO (ID_TIPO_U,TIPO) values ('1','Admin');
Insert into BDPRUEBA.TIPO_USUARIO (ID_TIPO_U,TIPO) values ('2','Medico');
Insert into BDPRUEBA.TIPO_USUARIO (ID_TIPO_U,TIPO) values ('3','Funcionario');
Insert into BDPRUEBA.TIPO_USUARIO (ID_TIPO_U,TIPO) values ('4','Paciente');
REM INSERTING into BDPRUEBA.TRATAMINENTO
SET DEFINE OFF;
Insert into BDPRUEBA.TRATAMINENTO (ID_TRATAMIENTO,PERIODOO,TIPO_TRATAMIENTO,PACIENTE_ID_PACIENTE,MEDICO_ID_MEDICO,FECHA_INICIO,FECHA_TERMINO,DIAGNOSTICO) values ('1','???','???','1','1',null,null,null);
Insert into BDPRUEBA.TRATAMINENTO (ID_TRATAMIENTO,PERIODOO,TIPO_TRATAMIENTO,PACIENTE_ID_PACIENTE,MEDICO_ID_MEDICO,FECHA_INICIO,FECHA_TERMINO,DIAGNOSTICO) values ('2','???','???','2','2',null,null,null);
Insert into BDPRUEBA.TRATAMINENTO (ID_TRATAMIENTO,PERIODOO,TIPO_TRATAMIENTO,PACIENTE_ID_PACIENTE,MEDICO_ID_MEDICO,FECHA_INICIO,FECHA_TERMINO,DIAGNOSTICO) values ('3','???','???','3','1',null,null,null);
Insert into BDPRUEBA.TRATAMINENTO (ID_TRATAMIENTO,PERIODOO,TIPO_TRATAMIENTO,PACIENTE_ID_PACIENTE,MEDICO_ID_MEDICO,FECHA_INICIO,FECHA_TERMINO,DIAGNOSTICO) values ('8','2','htgd','3','2',null,null,null);
Insert into BDPRUEBA.TRATAMINENTO (ID_TRATAMIENTO,PERIODOO,TIPO_TRATAMIENTO,PACIENTE_ID_PACIENTE,MEDICO_ID_MEDICO,FECHA_INICIO,FECHA_TERMINO,DIAGNOSTICO) values ('27','2','htgd','3','2','2017-10-12','2017-09-28',null);
Insert into BDPRUEBA.TRATAMINENTO (ID_TRATAMIENTO,PERIODOO,TIPO_TRATAMIENTO,PACIENTE_ID_PACIENTE,MEDICO_ID_MEDICO,FECHA_INICIO,FECHA_TERMINO,DIAGNOSTICO) values ('28','2','htgd','3','2','2017-10-12','2017-09-28',null);
Insert into BDPRUEBA.TRATAMINENTO (ID_TRATAMIENTO,PERIODOO,TIPO_TRATAMIENTO,PACIENTE_ID_PACIENTE,MEDICO_ID_MEDICO,FECHA_INICIO,FECHA_TERMINO,DIAGNOSTICO) values ('29','aaa','aaa','1','1','2017-05-05','2017-05-05','aaa');
Insert into BDPRUEBA.TRATAMINENTO (ID_TRATAMIENTO,PERIODOO,TIPO_TRATAMIENTO,PACIENTE_ID_PACIENTE,MEDICO_ID_MEDICO,FECHA_INICIO,FECHA_TERMINO,DIAGNOSTICO) values ('30','corto','preventi','3','1','2017-10-19','2017-10-19','xdvsdxc');
Insert into BDPRUEBA.TRATAMINENTO (ID_TRATAMIENTO,PERIODOO,TIPO_TRATAMIENTO,PACIENTE_ID_PACIENTE,MEDICO_ID_MEDICO,FECHA_INICIO,FECHA_TERMINO,DIAGNOSTICO) values ('31','corto','preventi','3','1','2017-10-27','2017-10-19','oipio');
Insert into BDPRUEBA.TRATAMINENTO (ID_TRATAMIENTO,PERIODOO,TIPO_TRATAMIENTO,PACIENTE_ID_PACIENTE,MEDICO_ID_MEDICO,FECHA_INICIO,FECHA_TERMINO,DIAGNOSTICO) values ('32','corto','preventi','3','1','2017-10-19','2017-10-11','zcvxcvxc');
Insert into BDPRUEBA.TRATAMINENTO (ID_TRATAMIENTO,PERIODOO,TIPO_TRATAMIENTO,PACIENTE_ID_PACIENTE,MEDICO_ID_MEDICO,FECHA_INICIO,FECHA_TERMINO,DIAGNOSTICO) values ('33','gfhfgh','preventi','3','1','2017-10-20','2017-10-19','rthfrtgh');
Insert into BDPRUEBA.TRATAMINENTO (ID_TRATAMIENTO,PERIODOO,TIPO_TRATAMIENTO,PACIENTE_ID_PACIENTE,MEDICO_ID_MEDICO,FECHA_INICIO,FECHA_TERMINO,DIAGNOSTICO) values ('34','corto','retretre','3','1','2017-10-20','2017-10-19','retretret');
REM INSERTING into BDPRUEBA.TUTOR
SET DEFINE OFF;
Insert into BDPRUEBA.TUTOR (ID_TUTOR,NOMBRE_TUTOR,RUT_TUTOR,CORREO_TUTOR,TELEFONO_TUTOR,PACIENTE_ID_PACIENTE) values ('1','Oscar','12345698-9','oscar@gmail.com','1235487','1');
Insert into BDPRUEBA.TUTOR (ID_TUTOR,NOMBRE_TUTOR,RUT_TUTOR,CORREO_TUTOR,TELEFONO_TUTOR,PACIENTE_ID_PACIENTE) values ('2','David','89653425-9','david@gmail.com','3269787','2');
REM INSERTING into BDPRUEBA.USUARIO
SET DEFINE OFF;
Insert into BDPRUEBA.USUARIO (ID_USUARIO,NOMBRE_USUARIO,PASSWORD,TIPO_USUARIO_ID_TIPO_U) values ('1','oscar','123456','1');
Insert into BDPRUEBA.USUARIO (ID_USUARIO,NOMBRE_USUARIO,PASSWORD,TIPO_USUARIO_ID_TIPO_U) values ('2','Vero','123456','2');
Insert into BDPRUEBA.USUARIO (ID_USUARIO,NOMBRE_USUARIO,PASSWORD,TIPO_USUARIO_ID_TIPO_U) values ('84','paty@gmail.com','18795','2');
Insert into BDPRUEBA.USUARIO (ID_USUARIO,NOMBRE_USUARIO,PASSWORD,TIPO_USUARIO_ID_TIPO_U) values ('45','pe.cha6','chpe144','2');
Insert into BDPRUEBA.USUARIO (ID_USUARIO,NOMBRE_USUARIO,PASSWORD,TIPO_USUARIO_ID_TIPO_U) values ('46','pe.cha6','chpe144','2');
Insert into BDPRUEBA.USUARIO (ID_USUARIO,NOMBRE_USUARIO,PASSWORD,TIPO_USUARIO_ID_TIPO_U) values ('47','pa.cha6','chpa179','2');
Insert into BDPRUEBA.USUARIO (ID_USUARIO,NOMBRE_USUARIO,PASSWORD,TIPO_USUARIO_ID_TIPO_U) values ('48','jo.pin7','pijo187','2');
Insert into BDPRUEBA.USUARIO (ID_USUARIO,NOMBRE_USUARIO,PASSWORD,TIPO_USUARIO_ID_TIPO_U) values ('49','jo.pin7','pijo187','2');
Insert into BDPRUEBA.USUARIO (ID_USUARIO,NOMBRE_USUARIO,PASSWORD,TIPO_USUARIO_ID_TIPO_U) values ('66','pep2ito','petpi','2');
Insert into BDPRUEBA.USUARIO (ID_USUARIO,NOMBRE_USUARIO,PASSWORD,TIPO_USUARIO_ID_TIPO_U) values ('67','admin1','123456','1');
Insert into BDPRUEBA.USUARIO (ID_USUARIO,NOMBRE_USUARIO,PASSWORD,TIPO_USUARIO_ID_TIPO_U) values ('68','admin1','123456','1');
Insert into BDPRUEBA.USUARIO (ID_USUARIO,NOMBRE_USUARIO,PASSWORD,TIPO_USUARIO_ID_TIPO_U) values ('71','yoyi@sasa.com','78956','3');
Insert into BDPRUEBA.USUARIO (ID_USUARIO,NOMBRE_USUARIO,PASSWORD,TIPO_USUARIO_ID_TIPO_U) values ('72','admin2','123456','1');
Insert into BDPRUEBA.USUARIO (ID_USUARIO,NOMBRE_USUARIO,PASSWORD,TIPO_USUARIO_ID_TIPO_U) values ('85','p@gmail.com','18795','3');
Insert into BDPRUEBA.USUARIO (ID_USUARIO,NOMBRE_USUARIO,PASSWORD,TIPO_USUARIO_ID_TIPO_U) values ('104','paty@gmail.com','12365','2');
Insert into BDPRUEBA.USUARIO (ID_USUARIO,NOMBRE_USUARIO,PASSWORD,TIPO_USUARIO_ID_TIPO_U) values ('57','naxopinilla@gmail.com','18795','2');
Insert into BDPRUEBA.USUARIO (ID_USUARIO,NOMBRE_USUARIO,PASSWORD,TIPO_USUARIO_ID_TIPO_U) values ('124','asdasdsadsad','wqqwq','4');
Insert into BDPRUEBA.USUARIO (ID_USUARIO,NOMBRE_USUARIO,PASSWORD,TIPO_USUARIO_ID_TIPO_U) values ('75','kevin','12345','1');
Insert into BDPRUEBA.USUARIO (ID_USUARIO,NOMBRE_USUARIO,PASSWORD,TIPO_USUARIO_ID_TIPO_U) values ('76','qqqq@awsqwsq','qqqq','3');
Insert into BDPRUEBA.USUARIO (ID_USUARIO,NOMBRE_USUARIO,PASSWORD,TIPO_USUARIO_ID_TIPO_U) values ('77','qqqq@awsqwsq','qqqq','3');
Insert into BDPRUEBA.USUARIO (ID_USUARIO,NOMBRE_USUARIO,PASSWORD,TIPO_USUARIO_ID_TIPO_U) values ('78','qqqq@awsqwsq','qqqq','3');
Insert into BDPRUEBA.USUARIO (ID_USUARIO,NOMBRE_USUARIO,PASSWORD,TIPO_USUARIO_ID_TIPO_U) values ('79','brad@gmail.com','18795','3');
Insert into BDPRUEBA.USUARIO (ID_USUARIO,NOMBRE_USUARIO,PASSWORD,TIPO_USUARIO_ID_TIPO_U) values ('125','asadadsad','andre','4');
Insert into BDPRUEBA.USUARIO (ID_USUARIO,NOMBRE_USUARIO,PASSWORD,TIPO_USUARIO_ID_TIPO_U) values ('126','asdasdsadsad','jose','4');
--------------------------------------------------------
--  DDL for Index ARTICULO_Y_MEDICA_PK
--------------------------------------------------------

  CREATE UNIQUE INDEX "BDPRUEBA"."ARTICULO_Y_MEDICA_PK" ON "BDPRUEBA"."ARTICULO_Y_MEDICA" ("CODIGO_AM") 
  PCTFREE 10 INITRANS 2 MAXTRANS 255 COMPUTE STATISTICS 
  STORAGE(INITIAL 65536 NEXT 1048576 MINEXTENTS 1 MAXEXTENTS 2147483645
  PCTINCREASE 0 FREELISTS 1 FREELIST GROUPS 1 BUFFER_POOL DEFAULT FLASH_CACHE DEFAULT CELL_FLASH_CACHE DEFAULT)
  TABLESPACE "SYSTEM" ;
--------------------------------------------------------
--  DDL for Index CIUDAD_PK
--------------------------------------------------------

  CREATE UNIQUE INDEX "BDPRUEBA"."CIUDAD_PK" ON "BDPRUEBA"."CIUDAD" ("ID_CIUDAD") 
  PCTFREE 10 INITRANS 2 MAXTRANS 255 COMPUTE STATISTICS 
  STORAGE(INITIAL 65536 NEXT 1048576 MINEXTENTS 1 MAXEXTENTS 2147483645
  PCTINCREASE 0 FREELISTS 1 FREELIST GROUPS 1 BUFFER_POOL DEFAULT FLASH_CACHE DEFAULT CELL_FLASH_CACHE DEFAULT)
  TABLESPACE "SYSTEM" ;
--------------------------------------------------------
--  DDL for Index FARMACIA_PK
--------------------------------------------------------

  CREATE UNIQUE INDEX "BDPRUEBA"."FARMACIA_PK" ON "BDPRUEBA"."FARMACIA" ("ID_FARMACIA") 
  PCTFREE 10 INITRANS 2 MAXTRANS 255 COMPUTE STATISTICS 
  STORAGE(INITIAL 65536 NEXT 1048576 MINEXTENTS 1 MAXEXTENTS 2147483645
  PCTINCREASE 0 FREELISTS 1 FREELIST GROUPS 1 BUFFER_POOL DEFAULT FLASH_CACHE DEFAULT CELL_FLASH_CACHE DEFAULT)
  TABLESPACE "SYSTEM" ;
--------------------------------------------------------
--  DDL for Index FUNCIONARIO_PK
--------------------------------------------------------

  CREATE UNIQUE INDEX "BDPRUEBA"."FUNCIONARIO_PK" ON "BDPRUEBA"."FUNCIONARIO" ("ID_FUNCIONARIO") 
  PCTFREE 10 INITRANS 2 MAXTRANS 255 COMPUTE STATISTICS 
  STORAGE(INITIAL 65536 NEXT 1048576 MINEXTENTS 1 MAXEXTENTS 2147483645
  PCTINCREASE 0 FREELISTS 1 FREELIST GROUPS 1 BUFFER_POOL DEFAULT FLASH_CACHE DEFAULT CELL_FLASH_CACHE DEFAULT)
  TABLESPACE "SYSTEM" ;
--------------------------------------------------------
--  DDL for Index INGRESO_ART_MED_PK
--------------------------------------------------------

  CREATE UNIQUE INDEX "BDPRUEBA"."INGRESO_ART_MED_PK" ON "BDPRUEBA"."INGRESO_ART_MED" ("ID_INGRESO") 
  PCTFREE 10 INITRANS 2 MAXTRANS 255 COMPUTE STATISTICS 
  STORAGE(INITIAL 65536 NEXT 1048576 MINEXTENTS 1 MAXEXTENTS 2147483645
  PCTINCREASE 0 FREELISTS 1 FREELIST GROUPS 1 BUFFER_POOL DEFAULT FLASH_CACHE DEFAULT CELL_FLASH_CACHE DEFAULT)
  TABLESPACE "SYSTEM" ;
--------------------------------------------------------
--  DDL for Index MEDICO_PK
--------------------------------------------------------

  CREATE UNIQUE INDEX "BDPRUEBA"."MEDICO_PK" ON "BDPRUEBA"."MEDICO" ("ID_MEDICO") 
  PCTFREE 10 INITRANS 2 MAXTRANS 255 COMPUTE STATISTICS 
  STORAGE(INITIAL 65536 NEXT 1048576 MINEXTENTS 1 MAXEXTENTS 2147483645
  PCTINCREASE 0 FREELISTS 1 FREELIST GROUPS 1 BUFFER_POOL DEFAULT FLASH_CACHE DEFAULT CELL_FLASH_CACHE DEFAULT)
  TABLESPACE "SYSTEM" ;
--------------------------------------------------------
--  DDL for Index MERMA_PK
--------------------------------------------------------

  CREATE UNIQUE INDEX "BDPRUEBA"."MERMA_PK" ON "BDPRUEBA"."MERMA" ("ID_MERMA") 
  PCTFREE 10 INITRANS 2 MAXTRANS 255 COMPUTE STATISTICS 
  STORAGE(INITIAL 65536 NEXT 1048576 MINEXTENTS 1 MAXEXTENTS 2147483645
  PCTINCREASE 0 FREELISTS 1 FREELIST GROUPS 1 BUFFER_POOL DEFAULT FLASH_CACHE DEFAULT CELL_FLASH_CACHE DEFAULT)
  TABLESPACE "SYSTEM" ;
--------------------------------------------------------
--  DDL for Index NACIONALIDAD_PK
--------------------------------------------------------

  CREATE UNIQUE INDEX "BDPRUEBA"."NACIONALIDAD_PK" ON "BDPRUEBA"."NACIONALIDAD" ("ID_NACIONALIDAD") 
  PCTFREE 10 INITRANS 2 MAXTRANS 255 COMPUTE STATISTICS 
  STORAGE(INITIAL 65536 NEXT 1048576 MINEXTENTS 1 MAXEXTENTS 2147483645
  PCTINCREASE 0 FREELISTS 1 FREELIST GROUPS 1 BUFFER_POOL DEFAULT FLASH_CACHE DEFAULT CELL_FLASH_CACHE DEFAULT)
  TABLESPACE "SYSTEM" ;
--------------------------------------------------------
--  DDL for Index PACIENTE_PK
--------------------------------------------------------

  CREATE UNIQUE INDEX "BDPRUEBA"."PACIENTE_PK" ON "BDPRUEBA"."PACIENTE" ("ID_PACIENTE") 
  PCTFREE 10 INITRANS 2 MAXTRANS 255 COMPUTE STATISTICS 
  STORAGE(INITIAL 65536 NEXT 1048576 MINEXTENTS 1 MAXEXTENTS 2147483645
  PCTINCREASE 0 FREELISTS 1 FREELIST GROUPS 1 BUFFER_POOL DEFAULT FLASH_CACHE DEFAULT CELL_FLASH_CACHE DEFAULT)
  TABLESPACE "SYSTEM" ;
--------------------------------------------------------
--  DDL for Index PRESCRIPCION_PK
--------------------------------------------------------

  CREATE UNIQUE INDEX "BDPRUEBA"."PRESCRIPCION_PK" ON "BDPRUEBA"."PRESCRIPCION" ("ID_PRESCRIPCION") 
  PCTFREE 10 INITRANS 2 MAXTRANS 255 COMPUTE STATISTICS 
  STORAGE(INITIAL 65536 NEXT 1048576 MINEXTENTS 1 MAXEXTENTS 2147483645
  PCTINCREASE 0 FREELISTS 1 FREELIST GROUPS 1 BUFFER_POOL DEFAULT FLASH_CACHE DEFAULT CELL_FLASH_CACHE DEFAULT)
  TABLESPACE "SYSTEM" ;
--------------------------------------------------------
--  DDL for Index RECETA_PK
--------------------------------------------------------

  CREATE UNIQUE INDEX "BDPRUEBA"."RECETA_PK" ON "BDPRUEBA"."RECETA" ("ID_RECETA") 
  PCTFREE 10 INITRANS 2 MAXTRANS 255 COMPUTE STATISTICS 
  STORAGE(INITIAL 65536 NEXT 1048576 MINEXTENTS 1 MAXEXTENTS 2147483645
  PCTINCREASE 0 FREELISTS 1 FREELIST GROUPS 1 BUFFER_POOL DEFAULT FLASH_CACHE DEFAULT CELL_FLASH_CACHE DEFAULT)
  TABLESPACE "SYSTEM" ;
--------------------------------------------------------
--  DDL for Index RESERVA_PK
--------------------------------------------------------

  CREATE UNIQUE INDEX "BDPRUEBA"."RESERVA_PK" ON "BDPRUEBA"."RESERVA" ("ID_RESERVA") 
  PCTFREE 10 INITRANS 2 MAXTRANS 255 COMPUTE STATISTICS 
  STORAGE(INITIAL 65536 NEXT 1048576 MINEXTENTS 1 MAXEXTENTS 2147483645
  PCTINCREASE 0 FREELISTS 1 FREELIST GROUPS 1 BUFFER_POOL DEFAULT FLASH_CACHE DEFAULT CELL_FLASH_CACHE DEFAULT)
  TABLESPACE "SYSTEM" ;
--------------------------------------------------------
--  DDL for Index RETIRO_MEDICAMEN_RESER_PK
--------------------------------------------------------

  CREATE UNIQUE INDEX "BDPRUEBA"."RETIRO_MEDICAMEN_RESER_PK" ON "BDPRUEBA"."RETIRO_MEDICAMEN_RESER" ("ID_RETIRO_RE") 
  PCTFREE 10 INITRANS 2 MAXTRANS 255 COMPUTE STATISTICS 
  STORAGE(INITIAL 65536 NEXT 1048576 MINEXTENTS 1 MAXEXTENTS 2147483645
  PCTINCREASE 0 FREELISTS 1 FREELIST GROUPS 1 BUFFER_POOL DEFAULT FLASH_CACHE DEFAULT CELL_FLASH_CACHE DEFAULT)
  TABLESPACE "SYSTEM" ;
--------------------------------------------------------
--  DDL for Index RETIRO_MEDICAMENTO_PK
--------------------------------------------------------

  CREATE UNIQUE INDEX "BDPRUEBA"."RETIRO_MEDICAMENTO_PK" ON "BDPRUEBA"."RETIRO_MEDICAMENTO" ("ID_RETIRO") 
  PCTFREE 10 INITRANS 2 MAXTRANS 255 COMPUTE STATISTICS 
  STORAGE(INITIAL 65536 NEXT 1048576 MINEXTENTS 1 MAXEXTENTS 2147483645
  PCTINCREASE 0 FREELISTS 1 FREELIST GROUPS 1 BUFFER_POOL DEFAULT FLASH_CACHE DEFAULT CELL_FLASH_CACHE DEFAULT)
  TABLESPACE "SYSTEM" ;
--------------------------------------------------------
--  DDL for Index SECTOR_PK
--------------------------------------------------------

  CREATE UNIQUE INDEX "BDPRUEBA"."SECTOR_PK" ON "BDPRUEBA"."SECTOR" ("IDSECTOR") 
  PCTFREE 10 INITRANS 2 MAXTRANS 255 COMPUTE STATISTICS 
  STORAGE(INITIAL 65536 NEXT 1048576 MINEXTENTS 1 MAXEXTENTS 2147483645
  PCTINCREASE 0 FREELISTS 1 FREELIST GROUPS 1 BUFFER_POOL DEFAULT FLASH_CACHE DEFAULT CELL_FLASH_CACHE DEFAULT)
  TABLESPACE "SYSTEM" ;
--------------------------------------------------------
--  DDL for Index STOCK_MEDICAMENTO_PK
--------------------------------------------------------

  CREATE UNIQUE INDEX "BDPRUEBA"."STOCK_MEDICAMENTO_PK" ON "BDPRUEBA"."STOCK_MEDICAMENTO" ("ID_STOCK_MEDICAMENTO") 
  PCTFREE 10 INITRANS 2 MAXTRANS 255 COMPUTE STATISTICS 
  STORAGE(INITIAL 65536 NEXT 1048576 MINEXTENTS 1 MAXEXTENTS 2147483645
  PCTINCREASE 0 FREELISTS 1 FREELIST GROUPS 1 BUFFER_POOL DEFAULT FLASH_CACHE DEFAULT CELL_FLASH_CACHE DEFAULT)
  TABLESPACE "USERS" ;
--------------------------------------------------------
--  DDL for Index TIPO_USUARIO_PK
--------------------------------------------------------

  CREATE UNIQUE INDEX "BDPRUEBA"."TIPO_USUARIO_PK" ON "BDPRUEBA"."TIPO_USUARIO" ("ID_TIPO_U") 
  PCTFREE 10 INITRANS 2 MAXTRANS 255 COMPUTE STATISTICS 
  STORAGE(INITIAL 65536 NEXT 1048576 MINEXTENTS 1 MAXEXTENTS 2147483645
  PCTINCREASE 0 FREELISTS 1 FREELIST GROUPS 1 BUFFER_POOL DEFAULT FLASH_CACHE DEFAULT CELL_FLASH_CACHE DEFAULT)
  TABLESPACE "SYSTEM" ;
--------------------------------------------------------
--  DDL for Index TRATAMINENTO_PK
--------------------------------------------------------

  CREATE UNIQUE INDEX "BDPRUEBA"."TRATAMINENTO_PK" ON "BDPRUEBA"."TRATAMINENTO" ("ID_TRATAMIENTO") 
  PCTFREE 10 INITRANS 2 MAXTRANS 255 COMPUTE STATISTICS 
  STORAGE(INITIAL 65536 NEXT 1048576 MINEXTENTS 1 MAXEXTENTS 2147483645
  PCTINCREASE 0 FREELISTS 1 FREELIST GROUPS 1 BUFFER_POOL DEFAULT FLASH_CACHE DEFAULT CELL_FLASH_CACHE DEFAULT)
  TABLESPACE "SYSTEM" ;
--------------------------------------------------------
--  DDL for Index TUTOR_PK
--------------------------------------------------------

  CREATE UNIQUE INDEX "BDPRUEBA"."TUTOR_PK" ON "BDPRUEBA"."TUTOR" ("ID_TUTOR") 
  PCTFREE 10 INITRANS 2 MAXTRANS 255 COMPUTE STATISTICS 
  STORAGE(INITIAL 65536 NEXT 1048576 MINEXTENTS 1 MAXEXTENTS 2147483645
  PCTINCREASE 0 FREELISTS 1 FREELIST GROUPS 1 BUFFER_POOL DEFAULT FLASH_CACHE DEFAULT CELL_FLASH_CACHE DEFAULT)
  TABLESPACE "SYSTEM" ;
--------------------------------------------------------
--  DDL for Index USUARIO_PK
--------------------------------------------------------

  CREATE UNIQUE INDEX "BDPRUEBA"."USUARIO_PK" ON "BDPRUEBA"."USUARIO" ("ID_USUARIO") 
  PCTFREE 10 INITRANS 2 MAXTRANS 255 COMPUTE STATISTICS 
  STORAGE(INITIAL 65536 NEXT 1048576 MINEXTENTS 1 MAXEXTENTS 2147483645
  PCTINCREASE 0 FREELISTS 1 FREELIST GROUPS 1 BUFFER_POOL DEFAULT FLASH_CACHE DEFAULT CELL_FLASH_CACHE DEFAULT)
  TABLESPACE "SYSTEM" ;
--------------------------------------------------------
--  DDL for Procedure PS_INSERTAR_CIUDAD
--------------------------------------------------------
set define off;

  CREATE OR REPLACE PROCEDURE "BDPRUEBA"."PS_INSERTAR_CIUDAD" (pId_Ciudad number,pNombre IN VARCHAR2 ) IS
BEGIN
INSERT INTO CIUDAD VALUES (pId_Ciudad, pNombre); 
EXCEPTION WHEN OTHERS THEN ROLLBACK; 
END PS_Insertar_Ciudad;



/
--------------------------------------------------------
--  DDL for Procedure PS_OBTENER_CIUDADES
--------------------------------------------------------
set define off;

  CREATE OR REPLACE PROCEDURE "BDPRUEBA"."PS_OBTENER_CIUDADES" IS
BEGIN
Select * from CIUDAD;
EXCEPTION 
WHEN OTHERS THEN ROLLBACK;
END PS_Obtener_Ciudades
select * from MEdico;

select * from tipo_usuario;

select * from usuario;
select * from NACIONALIDAD;

select * from paciente;


select * from receta;


comit;
select *  from  prescripcion pe 
inner join  receta re  on  pe.receta_id_receta = re.id_receta 
inner join paciente pa on pa.id_paciente=re.paciente_id_paciente;




/
--------------------------------------------------------
--  DDL for Procedure SP_ACTUALIZAR_ARTYMED
--------------------------------------------------------
set define off;

  CREATE OR REPLACE PROCEDURE "BDPRUEBA"."SP_ACTUALIZAR_ARTYMED" (pCodigo_AM number,pDescripcion varchar2,
pFabricante VARCHAR2,pTipoMedicameto VARCHAR2,pComponentes VARCHAR2,pContenido VARCHAR2,pCantidad NUMBER,
pGramaje VARCHAR2 ) IS
BEGIN
UPDATE ARTICULO_Y_MEDICA SET DESCRIPCION = pDescripcion,FABRICANTE=pFabricante,TIPO_MEDICAMENTO=pTipoMedicameto,COMPONENTES=pComponentes,
CONTENIDO=pContenido,CANTIDAD=pCantidad,GRAMAJE=pGramaje
WHERE CODIGO_AM=pCodigo_AM;
EXCEPTION 
WHEN OTHERS THEN ROLLBACK;
END SP_Actualizar_ArtYMed;



/
--------------------------------------------------------
--  DDL for Procedure SP_ELIMINAR_ARTYMED
--------------------------------------------------------
set define off;

  CREATE OR REPLACE PROCEDURE "BDPRUEBA"."SP_ELIMINAR_ARTYMED" (pCodigo_AM IN NUMBER)IS
BEGIN 
DELETE FROM ARTICULO_Y_MEDICA WHERE CODIGO_AM = pCodigo_AM;  
EXCEPTION
WHEN OTHERS THEN ROLLBACK;
END SP_Eliminar_ArtYMed;



/
--------------------------------------------------------
--  DDL for Procedure SP_ELIMINAR_MEDICO
--------------------------------------------------------
set define off;

  CREATE OR REPLACE PROCEDURE "BDPRUEBA"."SP_ELIMINAR_MEDICO" (pId_Medico  NUMBER)IS
v_id_m numeric;
BEGIN 
select USUARIO_ID_USUARIO into v_id_m
from medico where Id_Medico=pId_Medico ;
DELETE FROM MEdico WHERE Id_Medico = pId_Medico; 
DELETE FROM usuario WHERE ID_USUARIO = v_id_m; 


EXCEPTION
WHEN OTHERS THEN ROLLBACK;
END SP_Eliminar_Medico;



/
--------------------------------------------------------
--  DDL for Procedure SP_ENTREGAMED
--------------------------------------------------------
set define off;

  CREATE OR REPLACE PROCEDURE "BDPRUEBA"."SP_ENTREGAMED" 
(
  ID_MEDI IN NUMBER 
, ID_PRES IN NUMBER 
, CANTI_MED IN NUMBER 
) 

AS

BEGIN
  
   
  UPDATE PRESCRIPCION
  SET PRESCRIPCION.ESTADO = 'ENTREGADO'
  WHERE PRESCRIPCION.ID_PRESCRIPCION = ID_PRES;
  
  UPDATE STOCK_MEDICAMENTO
  SET STOCK_MEDICAMENTO.STOCK_MEDI = STOCK_MEDICAMENTO.STOCK_MEDI -  CANTI_MED
  WHERE STOCK_MEDICAMENTO.ID_STOCK_MEDICAMENTO = ID_MEDI;
  
END SP_ENTREGAMED;

/
--------------------------------------------------------
--  DDL for Procedure SP_INSERTAR_ADMIN
--------------------------------------------------------
set define off;

  CREATE OR REPLACE PROCEDURE "BDPRUEBA"."SP_INSERTAR_ADMIN" (pNombre_Usu varchar2,pPass VARCHAR2) IS 
v_Id_Usu numeric;


BEGIN
v_Id_Usu :=SEC_ID_USU.nextVal;




INSERT INTO USUARIO( ID_USUARIO, NOMBRE_USUARIO, PASSWORD, TIPO_USUARIO_ID_TIPO_U) VALUES(v_Id_Usu,lower(pNombre_Usu),lower(pPass),1);

EXCEPTION
WHEN OTHERS THEN ROLLBACK; 
END SP_Insertar_Admin;



/
--------------------------------------------------------
--  DDL for Procedure SP_INSERTAR_ARTYMED
--------------------------------------------------------
set define off;

  CREATE OR REPLACE PROCEDURE "BDPRUEBA"."SP_INSERTAR_ARTYMED" (pCodigo_AM number,pDescripcion varchar2,
pFabricante VARCHAR2,pTipoMedicameto VARCHAR2,pComponentes VARCHAR2,pContenido VARCHAR2,pCantidad NUMBER,
pGramaje VARCHAR2 ) IS 
BEGIN
INSERT INTO ARTICULO_Y_MEDICA ( CODIGO_AM, DESCRIPCION, FABRICANTE, TIPO_MEDICAMENTO, COMPONENTES, CONTENIDO,CANTIDAD,GRAMAJE) VALUES
( pCodigo_AM,pDescripcion,pFabricante,pTipoMedicameto,pComponentes,pContenido,pCantidad,pGramaje);
EXCEPTION
WHEN OTHERS THEN ROLLBACK; 
END SP_Insertar_ArtYmed;


/
--------------------------------------------------------
--  DDL for Procedure SP_INSERTAR_FUNCIONARIO
--------------------------------------------------------
set define off;

  CREATE OR REPLACE PROCEDURE "BDPRUEBA"."SP_INSERTAR_FUNCIONARIO" (pNombre varchar2,pApellido_Pat VARCHAR2,pApellido_Mat VARCHAR2,
pSexo VARCHAR2,pEdad numeric,
pTelefono VARCHAR2,pDireccion VARCHAR2,p_Ciu_Id numeric,p_Nac_Id numeric,pRut VARCHAR2,pCorreo VARCHAR2) IS 
v_Id_Usu numeric;
v_Nom_Usu varchar(45);
v_Pass_Usu varchar(45);

BEGIN
v_Id_Usu :=SEC_ID_USU.nextVal;

v_Pass_Usu:=substr(pRut,0,5);


INSERT INTO USUARIO( ID_USUARIO, NOMBRE_USUARIO, PASSWORD, TIPO_USUARIO_ID_TIPO_U) VALUES(v_Id_Usu,lower(pCorreo),lower(v_Pass_Usu),3);

INSERT INTO funcionario (id_funcionario,nombre, apellido_paterno,apellido_materno,sexo,edad,telefono,direccion,ciudad_id_ciudad,
nacionalidad_id_nacionalidad, usuario_id_usuario,rut,correo) VALUES (SEC_ID_FUN.NEXTVAL,pNombre,pApellido_Pat,pApellido_Mat,
pSexo,pEdad,pTelefono,pDireccion,p_Ciu_Id,p_Nac_Id,v_Id_Usu,pRut,pCorreo);

EXCEPTION
WHEN OTHERS THEN ROLLBACK; 
END SP_Insertar_Funcionario;



/
--------------------------------------------------------
--  DDL for Procedure SP_INSERTAR_MEDICAMENTOS
--------------------------------------------------------
set define off;

  CREATE OR REPLACE PROCEDURE "BDPRUEBA"."SP_INSERTAR_MEDICAMENTOS" (pNOMBRE_ARTYMED varchar2, pFabricante varchar2, pTipo_medicamento varchar2, pComponente varchar2, 
pContenido varchar2, pCantidad numeric, pGramaje varchar2, pFechaVencimiento date)
is
v_id_medicamento numeric;
v_id_ingreso numeric;

begin
v_id_medicamento:= SEC_ARTYMED.NEXTVAL; 
v_id_ingreso:=SEC_INGARTMED.NEXTVAL;

INSERT INTO articulo_y_medica (
    codigo_am,
    NOMBRE_ARTYMED,
    fabricante,
    tipo_medicamento,
    componentes,
    contenido,
    cantidad,
    gramaje,
    Fecha_vencimiento
) VALUES (
    v_id_medicamento,
    pNOMBRE_ARTYMED,
    pFabricante,
    pTipo_medicamento ,
    pComponente,
    pContenido,
    pCantidad,
    pGramaje,
    pFechaVencimiento
);
INSERT INTO ingreso_art_med (
    id_ingreso,
    FECHA_INGRESO,
    cantidad,
    articulo_y_medica_codigo_am
) VALUES (
    v_id_ingreso,
    sysdate ,
    pCantidad,
    v_id_medicamento
);
INSERT INTO stock_medicamento (
    stock_medi,
    stock_critico,
    farmacia_id_farmacia,
    articulo_y_medica_codigo_am,
    ingreso_art_med_id_ingreso
) VALUES (
   300,
   100,
    1,
   v_id_medicamento,
   v_id_ingreso
);
commit;
EXCEPTION
WHEN OTHERS THEN ROLLBACK; 


end SP_INSERTAR_MEDICAMENTOS;


/
--------------------------------------------------------
--  DDL for Procedure SP_INSERTAR_MEDICO
--------------------------------------------------------
set define off;

  CREATE OR REPLACE PROCEDURE "BDPRUEBA"."SP_INSERTAR_MEDICO" (pNombre_Med varchar2,
pApellido_Pat VARCHAR2,pApellido_Mat VARCHAR2,pRut_Medi VARCHAR2,pTelefono numeric,p_Ciu_Id numeric,p_Nac_Id VARCHAR2,pCorreo VARCHAR2) IS 
v_Id_Usu numeric;
v_Nom_Usu varchar(45);
v_Pass_Usu varchar(45);

BEGIN
v_Id_Usu :=SEC_ID_USU.nextVal;

v_Pass_Usu:=substr(pRut_Medi,0,5);


INSERT INTO USUARIO( ID_USUARIO, NOMBRE_USUARIO, PASSWORD, TIPO_USUARIO_ID_TIPO_U) VALUES(v_Id_Usu,lower(pCorreo),lower(v_Pass_Usu),2);
INSERT INTO MEDICO(ID_MEDICO,NOMBRE_MED,APELLIDO_PATERNO,APELLIDO_MATER,RUT_MEDI,TELEFONO_MEDICO,CIUDAD_ID_CIUDAD,NACIONALIDAD_ID_NACIONALIDAD,
USUARIO_ID_USUARIO,CORREO)VALUES(SEC_ID_MED.nextval ,pNombre_Med,pApellido_Pat,pApellido_Mat,pRut_Medi ,pTelefono,p_Ciu_Id ,p_Nac_Id ,v_Id_Usu,pCorreo );
EXCEPTION
WHEN OTHERS THEN ROLLBACK; 
END SP_Insertar_Medico;



/
--------------------------------------------------------
--  DDL for Procedure SP_INSERTAR_PACIENTE
--------------------------------------------------------
set define off;

  CREATE OR REPLACE PROCEDURE "BDPRUEBA"."SP_INSERTAR_PACIENTE" (pRut numeric, pNombre_Pac varchar2,
pApellido_Pat VARCHAR2,pApellido_Mat VARCHAR2,pEdad numeric,pTutorPaciente VARCHAR2,
pDireccion VARCHAR2,pTelefono numeric,pSexo VARCHAR2,
pFecha_Nac varchar2,pCorreo VARCHAR2,pSector numeric,pCiudad  numeric, pDv varchar2) IS 
v_Id_Usu numeric;
v_Nom_Usu varchar(45);
v_Pass_Usu varchar(45);

BEGIN
v_Id_Usu :=SEC_ID_USU.nextVal;

v_Pass_Usu:=substr(pNombre_Pac,0,5);


INSERT INTO USUARIO( ID_USUARIO, NOMBRE_USUARIO, PASSWORD, TIPO_USUARIO_ID_TIPO_U) VALUES(v_Id_Usu,lower(pCorreo),lower(v_Pass_Usu),4);

INSERT INTO paciente (
    id_paciente,
    nombre,
    apellido_paterno,
    apellido_materno,
    nombretutor,
    direccion,
    telefono,
    sexo,
    fecha_nacimientp,
    correo,
    sector_idsector,
    ciudad_id_ciudad,
    usuario_id_usuario,
    edad,
    dv
) VALUES (
    pRut,
    pNombre_Pac,
    pApellido_Pat,
    pApellido_Mat,
    pTutorPaciente,
    pDireccion,
    pTelefono,
    pSexo,
    pFecha_Nac,
    pCorreo,
    pSector,
    pCiudad,
    v_Id_Usu,
    pEdad,
    pDv
);

COMMIT;
EXCEPTION
WHEN OTHERS THEN ROLLBACK; 
END SP_Insertar_Paciente;


/
--------------------------------------------------------
--  DDL for Procedure SP_INSERTAR_PRESCRIPCION
--------------------------------------------------------
set define off;

  CREATE OR REPLACE PROCEDURE "BDPRUEBA"."SP_INSERTAR_PRESCRIPCION" (p_id_prs int,p_detalle varchar2,p_id_receta numeric,p_id_tratamiento numeric,
p_id_articulo numeric,p_id_medico numeric) IS 
BEGIN

INSERT INTO prescripcion VALUES (
    p_id_prs,
    p_detalle,
    p_id_receta,
    p_id_tratamiento,
    p_id_articulo,
    p_id_medico
);
    commit;
EXCEPTION
WHEN OTHERS THEN ROLLBACK; 
END SP_Insertar_Prescripcion;


/
--------------------------------------------------------
--  DDL for Procedure SP_INSERTAR_RECETA
--------------------------------------------------------
set define off;

  CREATE OR REPLACE PROCEDURE "BDPRUEBA"."SP_INSERTAR_RECETA" (id_receta numeric,p_id_paciente numeric,p_id_medico numeric) IS 
BEGIN
INSERT INTO receta  VALUES (
    id_receta,
    p_id_paciente,
    SYSDATE ,
    p_id_medico);
    commit;
EXCEPTION
WHEN OTHERS THEN ROLLBACK; 
END SP_Insertar_Receta;



/
--------------------------------------------------------
--  DDL for Procedure SP_INSERTAR_TRATAMIENTO
--------------------------------------------------------
set define off;

  CREATE OR REPLACE PROCEDURE "BDPRUEBA"."SP_INSERTAR_TRATAMIENTO" (p_id_trat numeric,p_periodoo varchar2,p_tipo_tratamiento VARCHAR2,
p_id_paciente numeric,p_id_medico numeric,p_fecha_ini VARCHAR2 ,p_fecha_ter VARCHAR2,pdiagnostico VARCHAR2) IS 
BEGIN

INSERT INTO trataminento (
    id_tratamiento,
    periodoo,
    tipo_tratamiento,
    paciente_id_paciente,
    medico_id_medico,
    fecha_inicio,
    fecha_termino,
    DIAGNOSTICO
) VALUES (
    p_id_trat,    
    p_periodoo,
    p_tipo_tratamiento,
    p_id_paciente,
    p_id_medico,
    p_fecha_ini,
    p_fecha_ter,
    pdiagnostico
);
    commit;
EXCEPTION
WHEN OTHERS THEN ROLLBACK; 
END SP_Insertar_Tratamiento;


/
--------------------------------------------------------
--  Constraints for Table ARTICULO_Y_MEDICA
--------------------------------------------------------

  ALTER TABLE "BDPRUEBA"."ARTICULO_Y_MEDICA" ADD CONSTRAINT "ARTICULO_Y_MEDICA_PK" PRIMARY KEY ("CODIGO_AM")
  USING INDEX PCTFREE 10 INITRANS 2 MAXTRANS 255 COMPUTE STATISTICS 
  STORAGE(INITIAL 65536 NEXT 1048576 MINEXTENTS 1 MAXEXTENTS 2147483645
  PCTINCREASE 0 FREELISTS 1 FREELIST GROUPS 1 BUFFER_POOL DEFAULT FLASH_CACHE DEFAULT CELL_FLASH_CACHE DEFAULT)
  TABLESPACE "SYSTEM"  ENABLE;
  ALTER TABLE "BDPRUEBA"."ARTICULO_Y_MEDICA" MODIFY ("CODIGO_AM" NOT NULL ENABLE);
--------------------------------------------------------
--  Constraints for Table CIUDAD
--------------------------------------------------------

  ALTER TABLE "BDPRUEBA"."CIUDAD" ADD CONSTRAINT "CIUDAD_PK" PRIMARY KEY ("ID_CIUDAD")
  USING INDEX PCTFREE 10 INITRANS 2 MAXTRANS 255 COMPUTE STATISTICS 
  STORAGE(INITIAL 65536 NEXT 1048576 MINEXTENTS 1 MAXEXTENTS 2147483645
  PCTINCREASE 0 FREELISTS 1 FREELIST GROUPS 1 BUFFER_POOL DEFAULT FLASH_CACHE DEFAULT CELL_FLASH_CACHE DEFAULT)
  TABLESPACE "SYSTEM"  ENABLE;
  ALTER TABLE "BDPRUEBA"."CIUDAD" MODIFY ("ID_CIUDAD" NOT NULL ENABLE);
--------------------------------------------------------
--  Constraints for Table FARMACIA
--------------------------------------------------------

  ALTER TABLE "BDPRUEBA"."FARMACIA" ADD CONSTRAINT "FARMACIA_PK" PRIMARY KEY ("ID_FARMACIA")
  USING INDEX PCTFREE 10 INITRANS 2 MAXTRANS 255 COMPUTE STATISTICS 
  STORAGE(INITIAL 65536 NEXT 1048576 MINEXTENTS 1 MAXEXTENTS 2147483645
  PCTINCREASE 0 FREELISTS 1 FREELIST GROUPS 1 BUFFER_POOL DEFAULT FLASH_CACHE DEFAULT CELL_FLASH_CACHE DEFAULT)
  TABLESPACE "SYSTEM"  ENABLE;
  ALTER TABLE "BDPRUEBA"."FARMACIA" MODIFY ("ID_FARMACIA" NOT NULL ENABLE);
--------------------------------------------------------
--  Constraints for Table FUNCIONARIO
--------------------------------------------------------

  ALTER TABLE "BDPRUEBA"."FUNCIONARIO" ADD CONSTRAINT "FUNCIONARIO_PK" PRIMARY KEY ("ID_FUNCIONARIO")
  USING INDEX PCTFREE 10 INITRANS 2 MAXTRANS 255 COMPUTE STATISTICS 
  STORAGE(INITIAL 65536 NEXT 1048576 MINEXTENTS 1 MAXEXTENTS 2147483645
  PCTINCREASE 0 FREELISTS 1 FREELIST GROUPS 1 BUFFER_POOL DEFAULT FLASH_CACHE DEFAULT CELL_FLASH_CACHE DEFAULT)
  TABLESPACE "SYSTEM"  ENABLE;
  ALTER TABLE "BDPRUEBA"."FUNCIONARIO" MODIFY ("USUARIO_ID_USUARIO" NOT NULL ENABLE);
  ALTER TABLE "BDPRUEBA"."FUNCIONARIO" MODIFY ("NACIONALIDAD_ID_NACIONALIDAD" NOT NULL ENABLE);
  ALTER TABLE "BDPRUEBA"."FUNCIONARIO" MODIFY ("CIUDAD_ID_CIUDAD" NOT NULL ENABLE);
  ALTER TABLE "BDPRUEBA"."FUNCIONARIO" MODIFY ("ID_FUNCIONARIO" NOT NULL ENABLE);
--------------------------------------------------------
--  Constraints for Table INGRESO_ART_MED
--------------------------------------------------------

  ALTER TABLE "BDPRUEBA"."INGRESO_ART_MED" ADD CONSTRAINT "INGRESO_ART_MED_PK" PRIMARY KEY ("ID_INGRESO")
  USING INDEX PCTFREE 10 INITRANS 2 MAXTRANS 255 COMPUTE STATISTICS 
  STORAGE(INITIAL 65536 NEXT 1048576 MINEXTENTS 1 MAXEXTENTS 2147483645
  PCTINCREASE 0 FREELISTS 1 FREELIST GROUPS 1 BUFFER_POOL DEFAULT FLASH_CACHE DEFAULT CELL_FLASH_CACHE DEFAULT)
  TABLESPACE "SYSTEM"  ENABLE;
  ALTER TABLE "BDPRUEBA"."INGRESO_ART_MED" MODIFY ("ARTICULO_Y_MEDICA_CODIGO_AM" NOT NULL ENABLE);
  ALTER TABLE "BDPRUEBA"."INGRESO_ART_MED" MODIFY ("ID_INGRESO" NOT NULL ENABLE);
--------------------------------------------------------
--  Constraints for Table MEDICO
--------------------------------------------------------

  ALTER TABLE "BDPRUEBA"."MEDICO" ADD CONSTRAINT "MEDICO_PK" PRIMARY KEY ("ID_MEDICO")
  USING INDEX PCTFREE 10 INITRANS 2 MAXTRANS 255 COMPUTE STATISTICS 
  STORAGE(INITIAL 65536 NEXT 1048576 MINEXTENTS 1 MAXEXTENTS 2147483645
  PCTINCREASE 0 FREELISTS 1 FREELIST GROUPS 1 BUFFER_POOL DEFAULT FLASH_CACHE DEFAULT CELL_FLASH_CACHE DEFAULT)
  TABLESPACE "SYSTEM"  ENABLE;
  ALTER TABLE "BDPRUEBA"."MEDICO" MODIFY ("USUARIO_ID_USUARIO" NOT NULL ENABLE);
  ALTER TABLE "BDPRUEBA"."MEDICO" MODIFY ("NACIONALIDAD_ID_NACIONALIDAD" NOT NULL ENABLE);
  ALTER TABLE "BDPRUEBA"."MEDICO" MODIFY ("CIUDAD_ID_CIUDAD" NOT NULL ENABLE);
  ALTER TABLE "BDPRUEBA"."MEDICO" MODIFY ("ID_MEDICO" NOT NULL ENABLE);
--------------------------------------------------------
--  Constraints for Table MERMA
--------------------------------------------------------

  ALTER TABLE "BDPRUEBA"."MERMA" ADD CONSTRAINT "MERMA_PK" PRIMARY KEY ("ID_MERMA")
  USING INDEX PCTFREE 10 INITRANS 2 MAXTRANS 255 COMPUTE STATISTICS 
  STORAGE(INITIAL 65536 NEXT 1048576 MINEXTENTS 1 MAXEXTENTS 2147483645
  PCTINCREASE 0 FREELISTS 1 FREELIST GROUPS 1 BUFFER_POOL DEFAULT FLASH_CACHE DEFAULT CELL_FLASH_CACHE DEFAULT)
  TABLESPACE "SYSTEM"  ENABLE;
  ALTER TABLE "BDPRUEBA"."MERMA" MODIFY ("ARTICULO_Y_MEDICA_CODIGO_AM" NOT NULL ENABLE);
  ALTER TABLE "BDPRUEBA"."MERMA" MODIFY ("FARMACIA_ID_FARMACIA" NOT NULL ENABLE);
  ALTER TABLE "BDPRUEBA"."MERMA" MODIFY ("ID_MERMA" NOT NULL ENABLE);
--------------------------------------------------------
--  Constraints for Table NACIONALIDAD
--------------------------------------------------------

  ALTER TABLE "BDPRUEBA"."NACIONALIDAD" ADD CONSTRAINT "NACIONALIDAD_PK" PRIMARY KEY ("ID_NACIONALIDAD")
  USING INDEX PCTFREE 10 INITRANS 2 MAXTRANS 255 COMPUTE STATISTICS 
  STORAGE(INITIAL 65536 NEXT 1048576 MINEXTENTS 1 MAXEXTENTS 2147483645
  PCTINCREASE 0 FREELISTS 1 FREELIST GROUPS 1 BUFFER_POOL DEFAULT FLASH_CACHE DEFAULT CELL_FLASH_CACHE DEFAULT)
  TABLESPACE "SYSTEM"  ENABLE;
  ALTER TABLE "BDPRUEBA"."NACIONALIDAD" MODIFY ("ID_NACIONALIDAD" NOT NULL ENABLE);
--------------------------------------------------------
--  Constraints for Table PACIENTE
--------------------------------------------------------

  ALTER TABLE "BDPRUEBA"."PACIENTE" ADD CONSTRAINT "PACIENTE_PK" PRIMARY KEY ("ID_PACIENTE")
  USING INDEX PCTFREE 10 INITRANS 2 MAXTRANS 255 COMPUTE STATISTICS 
  STORAGE(INITIAL 65536 NEXT 1048576 MINEXTENTS 1 MAXEXTENTS 2147483645
  PCTINCREASE 0 FREELISTS 1 FREELIST GROUPS 1 BUFFER_POOL DEFAULT FLASH_CACHE DEFAULT CELL_FLASH_CACHE DEFAULT)
  TABLESPACE "SYSTEM"  ENABLE;
  ALTER TABLE "BDPRUEBA"."PACIENTE" MODIFY ("USUARIO_ID_USUARIO" NOT NULL ENABLE);
  ALTER TABLE "BDPRUEBA"."PACIENTE" MODIFY ("CIUDAD_ID_CIUDAD" NOT NULL ENABLE);
  ALTER TABLE "BDPRUEBA"."PACIENTE" MODIFY ("SECTOR_IDSECTOR" NOT NULL ENABLE);
  ALTER TABLE "BDPRUEBA"."PACIENTE" MODIFY ("ID_PACIENTE" NOT NULL ENABLE);
--------------------------------------------------------
--  Constraints for Table PRESCRIPCION
--------------------------------------------------------

  ALTER TABLE "BDPRUEBA"."PRESCRIPCION" ADD CONSTRAINT "PRESCRIPCION_PK" PRIMARY KEY ("ID_PRESCRIPCION")
  USING INDEX PCTFREE 10 INITRANS 2 MAXTRANS 255 COMPUTE STATISTICS 
  STORAGE(INITIAL 65536 NEXT 1048576 MINEXTENTS 1 MAXEXTENTS 2147483645
  PCTINCREASE 0 FREELISTS 1 FREELIST GROUPS 1 BUFFER_POOL DEFAULT FLASH_CACHE DEFAULT CELL_FLASH_CACHE DEFAULT)
  TABLESPACE "SYSTEM"  ENABLE;
  ALTER TABLE "BDPRUEBA"."PRESCRIPCION" MODIFY ("ARTICULO_Y_MEDICA_CODIGO_AM" NOT NULL ENABLE);
  ALTER TABLE "BDPRUEBA"."PRESCRIPCION" MODIFY ("TRATAMINENTO_ID_TRATAMIENTO" NOT NULL ENABLE);
  ALTER TABLE "BDPRUEBA"."PRESCRIPCION" MODIFY ("RECETA_ID_RECETA" NOT NULL ENABLE);
  ALTER TABLE "BDPRUEBA"."PRESCRIPCION" MODIFY ("ID_PRESCRIPCION" NOT NULL ENABLE);
--------------------------------------------------------
--  Constraints for Table RECETA
--------------------------------------------------------

  ALTER TABLE "BDPRUEBA"."RECETA" ADD CONSTRAINT "RECETA_PK" PRIMARY KEY ("ID_RECETA")
  USING INDEX PCTFREE 10 INITRANS 2 MAXTRANS 255 COMPUTE STATISTICS 
  STORAGE(INITIAL 65536 NEXT 1048576 MINEXTENTS 1 MAXEXTENTS 2147483645
  PCTINCREASE 0 FREELISTS 1 FREELIST GROUPS 1 BUFFER_POOL DEFAULT FLASH_CACHE DEFAULT CELL_FLASH_CACHE DEFAULT)
  TABLESPACE "SYSTEM"  ENABLE;
  ALTER TABLE "BDPRUEBA"."RECETA" MODIFY ("PACIENTE_ID_PACIENTE" NOT NULL ENABLE);
  ALTER TABLE "BDPRUEBA"."RECETA" MODIFY ("ID_RECETA" NOT NULL ENABLE);
--------------------------------------------------------
--  Constraints for Table RESERVA
--------------------------------------------------------

  ALTER TABLE "BDPRUEBA"."RESERVA" ADD CONSTRAINT "RESERVA_PK" PRIMARY KEY ("ID_RESERVA")
  USING INDEX PCTFREE 10 INITRANS 2 MAXTRANS 255 COMPUTE STATISTICS 
  STORAGE(INITIAL 65536 NEXT 1048576 MINEXTENTS 1 MAXEXTENTS 2147483645
  PCTINCREASE 0 FREELISTS 1 FREELIST GROUPS 1 BUFFER_POOL DEFAULT FLASH_CACHE DEFAULT CELL_FLASH_CACHE DEFAULT)
  TABLESPACE "SYSTEM"  ENABLE;
  ALTER TABLE "BDPRUEBA"."RESERVA" MODIFY ("ARTICULO_Y_MEDICA_CODIGO_AM" NOT NULL ENABLE);
  ALTER TABLE "BDPRUEBA"."RESERVA" MODIFY ("RECETA_ID_RECETA" NOT NULL ENABLE);
  ALTER TABLE "BDPRUEBA"."RESERVA" MODIFY ("ID_RESERVA" NOT NULL ENABLE);
--------------------------------------------------------
--  Constraints for Table RETIRO_MEDICAMEN_RESER
--------------------------------------------------------

  ALTER TABLE "BDPRUEBA"."RETIRO_MEDICAMEN_RESER" ADD CONSTRAINT "RETIRO_MEDICAMEN_RESER_PK" PRIMARY KEY ("ID_RETIRO_RE")
  USING INDEX PCTFREE 10 INITRANS 2 MAXTRANS 255 COMPUTE STATISTICS 
  STORAGE(INITIAL 65536 NEXT 1048576 MINEXTENTS 1 MAXEXTENTS 2147483645
  PCTINCREASE 0 FREELISTS 1 FREELIST GROUPS 1 BUFFER_POOL DEFAULT FLASH_CACHE DEFAULT CELL_FLASH_CACHE DEFAULT)
  TABLESPACE "SYSTEM"  ENABLE;
  ALTER TABLE "BDPRUEBA"."RETIRO_MEDICAMEN_RESER" MODIFY ("RESERVA_ID_RESERVA" NOT NULL ENABLE);
  ALTER TABLE "BDPRUEBA"."RETIRO_MEDICAMEN_RESER" MODIFY ("RETIRO_MEDICAMENTO_ID_RETIRO" NOT NULL ENABLE);
  ALTER TABLE "BDPRUEBA"."RETIRO_MEDICAMEN_RESER" MODIFY ("ID_RETIRO_RE" NOT NULL ENABLE);
--------------------------------------------------------
--  Constraints for Table RETIRO_MEDICAMENTO
--------------------------------------------------------

  ALTER TABLE "BDPRUEBA"."RETIRO_MEDICAMENTO" ADD CONSTRAINT "RETIRO_MEDICAMENTO_PK" PRIMARY KEY ("ID_RETIRO")
  USING INDEX PCTFREE 10 INITRANS 2 MAXTRANS 255 COMPUTE STATISTICS 
  STORAGE(INITIAL 65536 NEXT 1048576 MINEXTENTS 1 MAXEXTENTS 2147483645
  PCTINCREASE 0 FREELISTS 1 FREELIST GROUPS 1 BUFFER_POOL DEFAULT FLASH_CACHE DEFAULT CELL_FLASH_CACHE DEFAULT)
  TABLESPACE "SYSTEM"  ENABLE;
  ALTER TABLE "BDPRUEBA"."RETIRO_MEDICAMENTO" MODIFY ("FARMACIA_ID_FARMACIA" NOT NULL ENABLE);
  ALTER TABLE "BDPRUEBA"."RETIRO_MEDICAMENTO" MODIFY ("ARTICULO_Y_MEDICA_CODIGO_AM" NOT NULL ENABLE);
  ALTER TABLE "BDPRUEBA"."RETIRO_MEDICAMENTO" MODIFY ("RECETA_ID_RECETA" NOT NULL ENABLE);
  ALTER TABLE "BDPRUEBA"."RETIRO_MEDICAMENTO" MODIFY ("ID_RETIRO" NOT NULL ENABLE);
--------------------------------------------------------
--  Constraints for Table SECTOR
--------------------------------------------------------

  ALTER TABLE "BDPRUEBA"."SECTOR" ADD CONSTRAINT "SECTOR_PK" PRIMARY KEY ("IDSECTOR")
  USING INDEX PCTFREE 10 INITRANS 2 MAXTRANS 255 COMPUTE STATISTICS 
  STORAGE(INITIAL 65536 NEXT 1048576 MINEXTENTS 1 MAXEXTENTS 2147483645
  PCTINCREASE 0 FREELISTS 1 FREELIST GROUPS 1 BUFFER_POOL DEFAULT FLASH_CACHE DEFAULT CELL_FLASH_CACHE DEFAULT)
  TABLESPACE "SYSTEM"  ENABLE;
  ALTER TABLE "BDPRUEBA"."SECTOR" MODIFY ("NOMBRESECTOR" NOT NULL ENABLE);
  ALTER TABLE "BDPRUEBA"."SECTOR" MODIFY ("IDSECTOR" NOT NULL ENABLE);
--------------------------------------------------------
--  Constraints for Table STOCK_MEDICAMENTO
--------------------------------------------------------

  ALTER TABLE "BDPRUEBA"."STOCK_MEDICAMENTO" MODIFY ("INGRESO_ART_MED_ID_INGRESO" NOT NULL DISABLE);
  ALTER TABLE "BDPRUEBA"."STOCK_MEDICAMENTO" MODIFY ("ARTICULO_Y_MEDICA_CODIGO_AM" NOT NULL DISABLE);
  ALTER TABLE "BDPRUEBA"."STOCK_MEDICAMENTO" MODIFY ("FARMACIA_ID_FARMACIA" NOT NULL DISABLE);
  ALTER TABLE "BDPRUEBA"."STOCK_MEDICAMENTO" ADD CONSTRAINT "STOCK_MEDICAMENTO_PK" PRIMARY KEY ("ID_STOCK_MEDICAMENTO")
  USING INDEX PCTFREE 10 INITRANS 2 MAXTRANS 255 COMPUTE STATISTICS 
  STORAGE(INITIAL 65536 NEXT 1048576 MINEXTENTS 1 MAXEXTENTS 2147483645
  PCTINCREASE 0 FREELISTS 1 FREELIST GROUPS 1 BUFFER_POOL DEFAULT FLASH_CACHE DEFAULT CELL_FLASH_CACHE DEFAULT)
  TABLESPACE "USERS"  ENABLE;
  ALTER TABLE "BDPRUEBA"."STOCK_MEDICAMENTO" MODIFY ("ID_STOCK_MEDICAMENTO" NOT NULL ENABLE);
--------------------------------------------------------
--  Constraints for Table TIPO_USUARIO
--------------------------------------------------------

  ALTER TABLE "BDPRUEBA"."TIPO_USUARIO" ADD CONSTRAINT "TIPO_USUARIO_PK" PRIMARY KEY ("ID_TIPO_U")
  USING INDEX PCTFREE 10 INITRANS 2 MAXTRANS 255 COMPUTE STATISTICS 
  STORAGE(INITIAL 65536 NEXT 1048576 MINEXTENTS 1 MAXEXTENTS 2147483645
  PCTINCREASE 0 FREELISTS 1 FREELIST GROUPS 1 BUFFER_POOL DEFAULT FLASH_CACHE DEFAULT CELL_FLASH_CACHE DEFAULT)
  TABLESPACE "SYSTEM"  ENABLE;
  ALTER TABLE "BDPRUEBA"."TIPO_USUARIO" MODIFY ("ID_TIPO_U" NOT NULL ENABLE);
--------------------------------------------------------
--  Constraints for Table TRATAMINENTO
--------------------------------------------------------

  ALTER TABLE "BDPRUEBA"."TRATAMINENTO" MODIFY ("PERIODOO" NOT NULL ENABLE);
  ALTER TABLE "BDPRUEBA"."TRATAMINENTO" ADD CONSTRAINT "TRATAMINENTO_PK" PRIMARY KEY ("ID_TRATAMIENTO")
  USING INDEX PCTFREE 10 INITRANS 2 MAXTRANS 255 COMPUTE STATISTICS 
  STORAGE(INITIAL 65536 NEXT 1048576 MINEXTENTS 1 MAXEXTENTS 2147483645
  PCTINCREASE 0 FREELISTS 1 FREELIST GROUPS 1 BUFFER_POOL DEFAULT FLASH_CACHE DEFAULT CELL_FLASH_CACHE DEFAULT)
  TABLESPACE "SYSTEM"  ENABLE;
  ALTER TABLE "BDPRUEBA"."TRATAMINENTO" MODIFY ("MEDICO_ID_MEDICO" NOT NULL ENABLE);
  ALTER TABLE "BDPRUEBA"."TRATAMINENTO" MODIFY ("PACIENTE_ID_PACIENTE" NOT NULL ENABLE);
  ALTER TABLE "BDPRUEBA"."TRATAMINENTO" MODIFY ("ID_TRATAMIENTO" NOT NULL ENABLE);
--------------------------------------------------------
--  Constraints for Table TUTOR
--------------------------------------------------------

  ALTER TABLE "BDPRUEBA"."TUTOR" ADD CONSTRAINT "TUTOR_PK" PRIMARY KEY ("ID_TUTOR")
  USING INDEX PCTFREE 10 INITRANS 2 MAXTRANS 255 COMPUTE STATISTICS 
  STORAGE(INITIAL 65536 NEXT 1048576 MINEXTENTS 1 MAXEXTENTS 2147483645
  PCTINCREASE 0 FREELISTS 1 FREELIST GROUPS 1 BUFFER_POOL DEFAULT FLASH_CACHE DEFAULT CELL_FLASH_CACHE DEFAULT)
  TABLESPACE "SYSTEM"  ENABLE;
  ALTER TABLE "BDPRUEBA"."TUTOR" MODIFY ("PACIENTE_ID_PACIENTE" NOT NULL ENABLE);
  ALTER TABLE "BDPRUEBA"."TUTOR" MODIFY ("ID_TUTOR" NOT NULL ENABLE);
--------------------------------------------------------
--  Constraints for Table USUARIO
--------------------------------------------------------

  ALTER TABLE "BDPRUEBA"."USUARIO" ADD CONSTRAINT "USUARIO_PK" PRIMARY KEY ("ID_USUARIO")
  USING INDEX PCTFREE 10 INITRANS 2 MAXTRANS 255 COMPUTE STATISTICS 
  STORAGE(INITIAL 65536 NEXT 1048576 MINEXTENTS 1 MAXEXTENTS 2147483645
  PCTINCREASE 0 FREELISTS 1 FREELIST GROUPS 1 BUFFER_POOL DEFAULT FLASH_CACHE DEFAULT CELL_FLASH_CACHE DEFAULT)
  TABLESPACE "SYSTEM"  ENABLE;
  ALTER TABLE "BDPRUEBA"."USUARIO" MODIFY ("TIPO_USUARIO_ID_TIPO_U" NOT NULL ENABLE);
  ALTER TABLE "BDPRUEBA"."USUARIO" MODIFY ("ID_USUARIO" NOT NULL ENABLE);
--------------------------------------------------------
--  Ref Constraints for Table FUNCIONARIO
--------------------------------------------------------

  ALTER TABLE "BDPRUEBA"."FUNCIONARIO" ADD CONSTRAINT "FUNCIONARIO_CIUDAD_FK" FOREIGN KEY ("CIUDAD_ID_CIUDAD")
	  REFERENCES "BDPRUEBA"."CIUDAD" ("ID_CIUDAD") DISABLE;
  ALTER TABLE "BDPRUEBA"."FUNCIONARIO" ADD CONSTRAINT "FUNCIONARIO_NACIONALIDAD_FK" FOREIGN KEY ("NACIONALIDAD_ID_NACIONALIDAD")
	  REFERENCES "BDPRUEBA"."NACIONALIDAD" ("ID_NACIONALIDAD") DISABLE;
  ALTER TABLE "BDPRUEBA"."FUNCIONARIO" ADD CONSTRAINT "FUNCIONARIO_USUARIO_FK" FOREIGN KEY ("USUARIO_ID_USUARIO")
	  REFERENCES "BDPRUEBA"."USUARIO" ("ID_USUARIO") DISABLE;
--------------------------------------------------------
--  Ref Constraints for Table INGRESO_ART_MED
--------------------------------------------------------

  ALTER TABLE "BDPRUEBA"."INGRESO_ART_MED" ADD CONSTRAINT "ING_ART_MED_ART_Y_MED_FK" FOREIGN KEY ("ARTICULO_Y_MEDICA_CODIGO_AM")
	  REFERENCES "BDPRUEBA"."ARTICULO_Y_MEDICA" ("CODIGO_AM") DISABLE;
--------------------------------------------------------
--  Ref Constraints for Table MEDICO
--------------------------------------------------------

  ALTER TABLE "BDPRUEBA"."MEDICO" ADD CONSTRAINT "MEDICO_CIUDAD_FK" FOREIGN KEY ("CIUDAD_ID_CIUDAD")
	  REFERENCES "BDPRUEBA"."CIUDAD" ("ID_CIUDAD") DISABLE;
  ALTER TABLE "BDPRUEBA"."MEDICO" ADD CONSTRAINT "MEDICO_NACIONALIDAD_FK" FOREIGN KEY ("NACIONALIDAD_ID_NACIONALIDAD")
	  REFERENCES "BDPRUEBA"."NACIONALIDAD" ("ID_NACIONALIDAD") DISABLE;
  ALTER TABLE "BDPRUEBA"."MEDICO" ADD CONSTRAINT "MEDICO_USUARIO_FK" FOREIGN KEY ("USUARIO_ID_USUARIO")
	  REFERENCES "BDPRUEBA"."USUARIO" ("ID_USUARIO") DISABLE;
--------------------------------------------------------
--  Ref Constraints for Table MERMA
--------------------------------------------------------

  ALTER TABLE "BDPRUEBA"."MERMA" ADD CONSTRAINT "MERMA_ART_Y_MEDICA_FK" FOREIGN KEY ("ARTICULO_Y_MEDICA_CODIGO_AM")
	  REFERENCES "BDPRUEBA"."ARTICULO_Y_MEDICA" ("CODIGO_AM") DISABLE;
  ALTER TABLE "BDPRUEBA"."MERMA" ADD CONSTRAINT "MERMA_FARMACIA_FK" FOREIGN KEY ("FARMACIA_ID_FARMACIA")
	  REFERENCES "BDPRUEBA"."FARMACIA" ("ID_FARMACIA") DISABLE;
--------------------------------------------------------
--  Ref Constraints for Table PACIENTE
--------------------------------------------------------

  ALTER TABLE "BDPRUEBA"."PACIENTE" ADD CONSTRAINT "PACIENTE_CIUDAD_FK" FOREIGN KEY ("CIUDAD_ID_CIUDAD")
	  REFERENCES "BDPRUEBA"."CIUDAD" ("ID_CIUDAD") DISABLE;
  ALTER TABLE "BDPRUEBA"."PACIENTE" ADD CONSTRAINT "PACIENTE_SECTOR_FK" FOREIGN KEY ("SECTOR_IDSECTOR")
	  REFERENCES "BDPRUEBA"."SECTOR" ("IDSECTOR") DISABLE;
  ALTER TABLE "BDPRUEBA"."PACIENTE" ADD CONSTRAINT "PACIENTE_USUARIO_FK" FOREIGN KEY ("USUARIO_ID_USUARIO")
	  REFERENCES "BDPRUEBA"."USUARIO" ("ID_USUARIO") DISABLE;
--------------------------------------------------------
--  Ref Constraints for Table PRESCRIPCION
--------------------------------------------------------

  ALTER TABLE "BDPRUEBA"."PRESCRIPCION" ADD CONSTRAINT "PRESCRIPCION_FK1" FOREIGN KEY ("ID_MEDICO")
	  REFERENCES "BDPRUEBA"."MEDICO" ("ID_MEDICO") DISABLE;
  ALTER TABLE "BDPRUEBA"."PRESCRIPCION" ADD CONSTRAINT "PRESCRIPCION_RECETA_FK" FOREIGN KEY ("RECETA_ID_RECETA")
	  REFERENCES "BDPRUEBA"."RECETA" ("ID_RECETA") DISABLE;
  ALTER TABLE "BDPRUEBA"."PRESCRIPCION" ADD CONSTRAINT "PRESCRIPCION_TRATAMINENTO_FK" FOREIGN KEY ("TRATAMINENTO_ID_TRATAMIENTO")
	  REFERENCES "BDPRUEBA"."TRATAMINENTO" ("ID_TRATAMIENTO") DISABLE;
  ALTER TABLE "BDPRUEBA"."PRESCRIPCION" ADD CONSTRAINT "PRES_ART_Y_MED_FK" FOREIGN KEY ("ARTICULO_Y_MEDICA_CODIGO_AM")
	  REFERENCES "BDPRUEBA"."ARTICULO_Y_MEDICA" ("CODIGO_AM") DISABLE;
--------------------------------------------------------
--  Ref Constraints for Table RECETA
--------------------------------------------------------

  ALTER TABLE "BDPRUEBA"."RECETA" ADD CONSTRAINT "RECETA_FK1" FOREIGN KEY ("ID_MEDICO")
	  REFERENCES "BDPRUEBA"."MEDICO" ("ID_MEDICO") DISABLE;
  ALTER TABLE "BDPRUEBA"."RECETA" ADD CONSTRAINT "RECETA_PACIENTE_FK" FOREIGN KEY ("PACIENTE_ID_PACIENTE")
	  REFERENCES "BDPRUEBA"."PACIENTE" ("ID_PACIENTE") DISABLE;
--------------------------------------------------------
--  Ref Constraints for Table RESERVA
--------------------------------------------------------

  ALTER TABLE "BDPRUEBA"."RESERVA" ADD CONSTRAINT "RES_ART_Y_MED_FK" FOREIGN KEY ("ARTICULO_Y_MEDICA_CODIGO_AM")
	  REFERENCES "BDPRUEBA"."ARTICULO_Y_MEDICA" ("CODIGO_AM") DISABLE;
  ALTER TABLE "BDPRUEBA"."RESERVA" ADD CONSTRAINT "RES_RECE_FK" FOREIGN KEY ("RECETA_ID_RECETA")
	  REFERENCES "BDPRUEBA"."RECETA" ("ID_RECETA") DISABLE;
--------------------------------------------------------
--  Ref Constraints for Table RETIRO_MEDICAMEN_RESER
--------------------------------------------------------

  ALTER TABLE "BDPRUEBA"."RETIRO_MEDICAMEN_RESER" ADD CONSTRAINT "RET_MEDIC_RESER_RESE_FK" FOREIGN KEY ("RESERVA_ID_RESERVA")
	  REFERENCES "BDPRUEBA"."RESERVA" ("ID_RESERVA") DISABLE;
  ALTER TABLE "BDPRUEBA"."RETIRO_MEDICAMEN_RESER" ADD CONSTRAINT "RET_MED_RESER_RET_MED_FK" FOREIGN KEY ("RETIRO_MEDICAMENTO_ID_RETIRO")
	  REFERENCES "BDPRUEBA"."RETIRO_MEDICAMENTO" ("ID_RETIRO") DISABLE;
--------------------------------------------------------
--  Ref Constraints for Table RETIRO_MEDICAMENTO
--------------------------------------------------------

  ALTER TABLE "BDPRUEBA"."RETIRO_MEDICAMENTO" ADD CONSTRAINT "RET_MEDIC_ART_Y_MED_FK" FOREIGN KEY ("ARTICULO_Y_MEDICA_CODIGO_AM")
	  REFERENCES "BDPRUEBA"."ARTICULO_Y_MEDICA" ("CODIGO_AM") DISABLE;
  ALTER TABLE "BDPRUEBA"."RETIRO_MEDICAMENTO" ADD CONSTRAINT "RET_MED_FARMACIA_FK" FOREIGN KEY ("FARMACIA_ID_FARMACIA")
	  REFERENCES "BDPRUEBA"."FARMACIA" ("ID_FARMACIA") DISABLE;
  ALTER TABLE "BDPRUEBA"."RETIRO_MEDICAMENTO" ADD CONSTRAINT "RET_MED_RECETA_FK" FOREIGN KEY ("RECETA_ID_RECETA")
	  REFERENCES "BDPRUEBA"."RECETA" ("ID_RECETA") DISABLE;
--------------------------------------------------------
--  Ref Constraints for Table STOCK_MEDICAMENTO
--------------------------------------------------------

  ALTER TABLE "BDPRUEBA"."STOCK_MEDICAMENTO" ADD CONSTRAINT "STOCK_MED_ARTI_Y_MEDICA_FK1" FOREIGN KEY ("ARTICULO_Y_MEDICA_CODIGO_AM")
	  REFERENCES "BDPRUEBA"."ARTICULO_Y_MEDICA" ("CODIGO_AM") DISABLE;
  ALTER TABLE "BDPRUEBA"."STOCK_MEDICAMENTO" ADD CONSTRAINT "STOCK_MED_FARMACIA_FK1" FOREIGN KEY ("FARMACIA_ID_FARMACIA")
	  REFERENCES "BDPRUEBA"."FARMACIA" ("ID_FARMACIA") DISABLE;
  ALTER TABLE "BDPRUEBA"."STOCK_MEDICAMENTO" ADD CONSTRAINT "STOCK_MED_INGR_ART_MED_FK1" FOREIGN KEY ("INGRESO_ART_MED_ID_INGRESO")
	  REFERENCES "BDPRUEBA"."INGRESO_ART_MED" ("ID_INGRESO") DISABLE;
--------------------------------------------------------
--  Ref Constraints for Table TRATAMINENTO
--------------------------------------------------------

  ALTER TABLE "BDPRUEBA"."TRATAMINENTO" ADD CONSTRAINT "TRATAMINENTO_MEDICO_FK" FOREIGN KEY ("MEDICO_ID_MEDICO")
	  REFERENCES "BDPRUEBA"."MEDICO" ("ID_MEDICO") DISABLE;
  ALTER TABLE "BDPRUEBA"."TRATAMINENTO" ADD CONSTRAINT "TRATAMINENTO_PACIENTE_FK" FOREIGN KEY ("PACIENTE_ID_PACIENTE")
	  REFERENCES "BDPRUEBA"."PACIENTE" ("ID_PACIENTE") DISABLE;
--------------------------------------------------------
--  Ref Constraints for Table TUTOR
--------------------------------------------------------

  ALTER TABLE "BDPRUEBA"."TUTOR" ADD CONSTRAINT "TUTOR_PACIENTE_FK" FOREIGN KEY ("PACIENTE_ID_PACIENTE")
	  REFERENCES "BDPRUEBA"."PACIENTE" ("ID_PACIENTE") DISABLE;
--------------------------------------------------------
--  Ref Constraints for Table USUARIO
--------------------------------------------------------

  ALTER TABLE "BDPRUEBA"."USUARIO" ADD CONSTRAINT "USUARIO_TIPO_USUARIO_FK" FOREIGN KEY ("TIPO_USUARIO_ID_TIPO_U")
	  REFERENCES "BDPRUEBA"."TIPO_USUARIO" ("ID_TIPO_U") DISABLE;
